,,Overall,Overall,Overall,Overall,Overall,Overall,,Conf.,Conf.,,Home,Home,,Away,Away,,Points,Points,,Totals,Totals,Totals,Totals,Totals,Totals,Totals,Totals,Totals,Totals,Totals,Totals,Totals,Totals,Totals,Totals,Totals
Rk,School,G,W,L,W-L%,SRS,SOS,,W,L,,W,L,,W,L,,Tm.,Opp.,,MP,FG,FGA,FG%,3P,3PA,3P%,FT,FTA,FT%,ORB,TRB,AST,STL,BLK,TOV,PF
1,Abilene Christian,27,14,13,0.519,-5.2,-1.95,,6,6,,9,4,,4,9,,1933,1901,,1085,697,1538,0.453,127,408,0.311,412,582,0.708,289,898,347,292,73,391,553
2,Air Force,28,4,24,0.143,-7.34,2.73,,1,16,,3,12,,0,12,,1748,2030,,1130,598,1411,0.424,225,671,0.335,327,512,0.639,210,835,371,160,82,374,494
3,Akron,28,22,6,0.786,3.07,-4.05,,14,1,,14,0,,7,4,,2343,2074,,1125,853,1821,0.468,304,851,0.357,333,446,0.747,333,1110,514,210,104,347,515
4,Alabama,28,23,5,0.821,26.25,14.86,,12,3,,12,2,,8,2,,2563,2244,,1125,868,1789,0.485,297,848,0.35,530,734,0.722,375,1224,476,168,129,369,528
5,Alabama A&M,28,10,18,0.357,-18.52,-9.8,,6,9,,8,9,,2,9,,2121,2216,,1140,721,1760,0.41,231,724,0.319,448,670,0.669,412,1063,392,243,116,455,623
6,Alabama State,28,13,15,0.464,-10.84,-8.02,,9,6,,7,3,,4,10,,2070,2095,,1125,724,1788,0.405,248,771,0.322,374,547,0.684,327,1005,322,211,78,253,524
7,Albany (NY),28,14,14,0.5,-9.62,-7.7,,6,7,,6,7,,6,6,,2081,2068,,1135,761,1729,0.44,188,606,0.31,371,511,0.726,324,933,341,236,52,306,498
8,Alcorn State,27,8,19,0.296,-12.57,-4.07,,8,6,,5,2,,3,17,,1754,1981,,1085,628,1553,0.404,153,470,0.326,345,479,0.72,325,918,274,180,72,365,463
9,American,29,18,11,0.621,-7.75,-5.94,,12,4,,11,1,,4,10,,1990,1977,,1180,688,1569,0.438,239,702,0.34,375,491,0.764,232,885,361,185,57,323,538
10,Appalachian State,29,17,12,0.586,-1.07,-3.26,,10,7,,10,4,,5,7,,1989,1834,,1165,702,1588,0.442,224,652,0.344,361,555,0.65,279,1077,373,162,106,312,392
11,Arizona,27,18,9,0.667,23.66,12.51,,12,4,,11,3,,6,3,,2202,1901,,1090,783,1655,0.473,182,576,0.316,454,586,0.775,341,1094,464,221,113,324,439
12,Arizona State,27,13,14,0.481,12.91,12.87,,4,12,,5,7,,3,6,,1989,1988,,1095,678,1540,0.44,244,682,0.358,389,543,0.716,242,940,361,157,130,357,452
13,Arkansas,27,16,11,0.593,17.35,10.72,,5,9,,12,4,,3,5,,2054,1875,,1080,739,1579,0.468,192,578,0.332,384,528,0.727,245,944,393,212,155,309,437
14,Arkansas State,29,20,9,0.69,5.94,-2.1,,11,5,,13,2,,6,5,,2283,2015,,1170,790,1854,0.426,269,835,0.322,434,602,0.721,376,1173,404,220,127,313,529
15,Arkansas-Pine Bluff,28,5,23,0.179,-25.03,-6.68,,2,13,,4,6,,1,17,,2027,2403,,1120,754,1680,0.449,203,641,0.317,316,530,0.596,279,956,406,201,59,415,543
16,Army,29,16,13,0.552,-10.85,-7.14,,10,7,,12,3,,4,10,,2146,2154,,1190,797,1784,0.447,246,756,0.325,306,448,0.683,295,1025,421,190,67,298,451
17,Auburn,27,25,2,0.926,30.31,14.13,,13,1,,12,1,,7,1,,2277,1840,,1080,811,1689,0.48,249,687,0.362,406,548,0.741,333,1044,449,193,176,246,490
18,Austin Peay,30,13,17,0.433,-8.74,-2.7,,8,9,,8,5,,4,11,,2138,2240,,1215,750,1797,0.417,262,753,0.348,376,526,0.715,303,981,372,213,76,298,540
19,Ball State,28,14,14,0.5,-7.08,-6.4,,7,8,,8,6,,4,7,,2151,2091,,1130,711,1537,0.463,204,575,0.355,525,749,0.701,264,992,375,145,53,329,465
20,Baylor,28,16,12,0.571,19.42,13.27,,8,9,,12,2,,2,9,,2186,1966,,1145,775,1706,0.454,246,681,0.361,390,518,0.753,352,1001,422,216,85,316,454
21,Bellarmine,30,5,25,0.167,-14.37,-4.3,,2,15,,5,10,,0,15,,2191,2404,,1210,790,1690,0.467,274,752,0.364,337,435,0.775,202,887,430,191,52,362,510
22,Belmont,29,19,10,0.655,1.26,-0.2,,11,7,,10,5,,8,4,,2348,2284,,1165,844,1801,0.469,316,810,0.39,344,480,0.717,282,996,504,200,90,318,447
23,Bethune-Cookman,28,13,15,0.464,-9.49,-5.45,,10,5,,5,2,,7,12,,1922,2035,,1120,682,1573,0.434,169,534,0.316,389,561,0.693,276,992,345,182,108,393,461
24,Binghamton,29,15,14,0.517,-11.9,-8.25,,7,7,,9,3,,5,10,,2042,2064,,1175,733,1574,0.466,212,576,0.368,362,525,0.69,258,1052,389,135,85,394,490
25,Boise State,27,19,8,0.704,14.39,5.55,,11,5,,12,1,,4,5,,2055,1790,,1085,705,1495,0.472,193,600,0.322,450,585,0.769,278,981,403,146,68,309,425
26,Boston College,27,12,15,0.444,0.89,4.71,,4,12,,9,7,,0,7,,1915,2018,,1115,687,1577,0.436,184,520,0.354,357,495,0.721,278,944,315,140,107,324,499
27,Boston University,29,14,15,0.483,-10.86,-7.79,,8,8,,11,3,,2,12,,1925,1973,,1180,692,1590,0.435,231,689,0.335,310,480,0.646,317,1025,354,173,78,387,451
28,Bowling Green State,28,12,16,0.429,-9.26,-5.61,,6,9,,7,7,,4,8,,2090,2096,,1120,721,1642,0.439,231,671,0.344,417,556,0.75,266,946,318,213,90,337,496
29,Bradley,29,22,7,0.759,6.31,-0.15,,13,5,,12,3,,7,3,,2275,2028,,1180,795,1642,0.484,295,717,0.411,390,506,0.771,250,1016,430,198,111,348,494
30,Brigham Young,27,19,8,0.704,19.22,7.96,,10,6,,13,2,,4,5,,2181,1877,,1095,783,1615,0.485,288,779,0.37,327,469,0.697,302,1002,466,198,86,320,422
31,Brown,24,13,11,0.542,-4.2,-4.12,,5,6,,8,5,,5,6,,1772,1733,,975,653,1427,0.458,208,593,0.351,258,402,0.642,254,863,368,141,128,278,374
32,Bryant,28,17,11,0.607,-2.84,-6.73,,11,2,,8,3,,8,7,,2296,2094,,1125,841,1838,0.458,226,662,0.341,388,547,0.709,370,1147,411,188,166,331,434
33,Bucknell,29,15,14,0.517,-4.63,-5.15,,11,5,,11,3,,4,10,,2126,2111,,1215,748,1628,0.459,240,684,0.351,390,592,0.659,247,984,392,195,92,390,512
34,Buffalo,28,8,20,0.286,-15.57,-3.8,,3,12,,5,8,,3,12,,2000,2262,,1120,692,1645,0.421,216,726,0.298,400,576,0.694,257,973,377,190,98,411,476
35,Butler,27,13,14,0.481,11.28,9.13,,6,10,,9,6,,2,7,,2013,1955,,1085,677,1460,0.464,219,585,0.374,440,598,0.736,231,966,388,99,77,313,375
36,Cal Poly,28,11,17,0.393,-3.63,1.03,,5,11,,7,5,,4,12,,2255,2348,,1140,793,1740,0.456,302,879,0.344,367,484,0.758,284,990,417,205,60,457,502
37,Cal State Bakersfield,29,12,17,0.414,-4.79,-1.24,,6,11,,8,6,,3,10,,2132,2110,,1165,740,1685,0.439,191,498,0.384,461,596,0.773,367,1031,292,199,80,369,594
38,Cal State Fullerton,28,6,22,0.214,-14.1,0.37,,1,15,,4,9,,2,13,,1798,2135,,1120,601,1473,0.408,133,491,0.271,463,621,0.746,269,915,252,159,53,408,523
39,Cal State Northridge,27,20,7,0.741,2.57,-4.23,,12,4,,8,2,,10,5,,2173,1920,,1085,785,1676,0.468,182,530,0.343,421,587,0.717,355,1097,452,219,84,376,553
40,California,27,12,15,0.444,5.58,6.77,,5,11,,10,5,,2,9,,2002,2034,,1090,673,1603,0.42,198,613,0.323,458,610,0.751,355,999,282,160,100,311,432
41,California Baptist,26,13,13,0.5,0.51,-1.11,,6,6,,9,5,,3,7,,1912,1870,,1055,692,1588,0.436,172,548,0.314,356,472,0.754,315,942,319,175,71,305,449
42,Campbell,29,15,14,0.517,-3.14,-4.81,,10,6,,8,5,,7,9,,2059,1924,,1165,721,1632,0.442,222,681,0.326,395,509,0.776,243,935,396,201,88,302,471
43,Canisius,27,3,24,0.111,-17.65,-4.39,,3,13,,1,10,,2,13,,1772,2130,,1080,642,1451,0.442,223,593,0.376,265,350,0.757,155,693,309,169,62,333,441
44,Central Arkansas,30,8,22,0.267,-14.75,-3.82,,4,13,,7,7,,1,15,,2115,2344,,1230,744,1826,0.407,266,881,0.302,361,513,0.704,352,1089,421,223,72,379,411
45,Central Connecticut State,27,21,6,0.778,-3.19,-9.83,,12,2,,10,2,,11,3,,1968,1704,,1080,745,1550,0.481,185,546,0.339,293,401,0.731,237,963,397,199,112,300,297
46,Central Michigan,28,13,15,0.464,-2.98,-1.52,,6,9,,8,5,,5,9,,2118,2003,,1120,758,1637,0.463,186,567,0.328,416,574,0.725,299,1018,388,206,80,345,461
47,Charleston Southern,30,10,20,0.333,-9.83,-1.83,,6,9,,7,5,,3,13,,2187,2347,,1215,724,1695,0.427,221,719,0.307,518,784,0.661,351,1122,352,141,86,407,525
48,Charlotte,27,10,17,0.37,-5.04,-0.35,,3,11,,8,7,,1,9,,1921,2021,,1105,631,1488,0.424,185,601,0.308,474,633,0.749,231,849,337,140,57,258,460
49,Chattanooga,29,21,8,0.724,0.52,-3.74,,13,3,,13,3,,8,5,,2283,2101,,1170,808,1690,0.478,275,781,0.352,392,514,0.763,243,963,502,197,85,294,461
50,Chicago State,29,4,25,0.138,-20.09,-3.71,,4,10,,3,7,,1,16,,1805,2280,,1165,636,1686,0.377,210,703,0.299,323,465,0.695,255,904,310,214,103,382,562
51,Cincinnati,28,17,11,0.607,15.3,8.69,,7,10,,12,4,,4,7,,2005,1820,,1120,761,1671,0.455,212,637,0.333,271,407,0.666,312,969,388,197,122,277,380
52,Clemson,27,22,5,0.815,18.84,7.84,,14,2,,13,2,,7,3,,2092,1795,,1110,752,1602,0.469,249,641,0.388,339,441,0.769,298,949,401,201,101,286,414
53,Cleveland State,29,19,10,0.655,-1.86,-4.05,,13,5,,12,4,,7,6,,2137,1920,,1165,780,1741,0.448,192,578,0.332,385,535,0.72,358,998,405,254,138,334,523
54,Coastal Carolina,29,9,20,0.31,-11.9,-4.98,,2,14,,5,7,,3,13,,1934,2074,,1165,673,1559,0.432,215,618,0.348,373,535,0.697,284,1050,333,100,46,351,516
55,Colgate,29,12,17,0.414,-7.76,-5.58,,9,7,,8,3,,4,12,,2093,2121,,1170,778,1668,0.466,255,716,0.356,282,387,0.729,229,935,404,176,70,327,442
56,College of Charleston,29,21,8,0.724,-0.56,-2.59,,11,5,,11,2,,7,5,,2222,2142,,1175,779,1732,0.45,238,688,0.346,426,591,0.721,272,1041,457,189,64,333,455
57,Colorado,28,11,17,0.393,9.47,11.18,,2,15,,10,7,,0,8,,1966,2014,,1130,681,1524,0.447,188,576,0.326,416,551,0.755,266,982,402,199,109,413,469
58,Colorado State,28,19,9,0.679,11.33,4.86,,13,4,,12,2,,6,4,,2080,1899,,1135,737,1571,0.469,233,679,0.343,371,477,0.778,240,997,469,142,84,335,489
59,Columbia,24,12,12,0.5,-8.18,-5.54,,1,10,,9,4,,3,8,,1881,1844,,960,684,1462,0.468,202,585,0.345,311,423,0.735,235,833,409,198,50,264,362
60,Connecticut,27,18,9,0.667,16.84,8.03,,10,6,,11,2,,6,4,,2098,1860,,1100,739,1552,0.476,236,674,0.35,384,492,0.78,295,956,486,148,179,307,501
61,Coppin State,26,5,21,0.192,-21.34,-3.9,,3,8,,4,5,,1,16,,1584,1994,,1040,546,1417,0.385,130,458,0.284,362,531,0.682,256,807,281,212,43,389,456
62,Cornell,24,14,10,0.583,-1.55,-3.23,,6,5,,6,5,,8,5,,2004,1874,,960,718,1465,0.49,254,703,0.361,314,418,0.751,232,846,448,153,79,302,392
63,Creighton,27,19,8,0.704,17.34,10.75,,12,4,,13,2,,5,4,,2034,1856,,1080,718,1528,0.47,257,761,0.338,341,455,0.749,223,1023,455,99,132,337,296
64,Dartmouth,24,13,11,0.542,-4.46,-5.69,,7,4,,8,3,,5,8,,1892,1730,,965,651,1469,0.443,257,701,0.367,333,451,0.738,216,909,389,127,72,277,363
65,Davidson,28,16,12,0.571,2.76,0.58,,6,9,,11,5,,4,5,,2060,1960,,1120,739,1612,0.458,227,665,0.341,355,479,0.741,237,952,425,162,66,264,422
66,Dayton,27,18,9,0.667,9.14,4.56,,8,6,,14,2,,3,4,,2025,1885,,1085,690,1488,0.464,211,592,0.356,434,587,0.739,259,904,413,195,90,278,406
67,Delaware,29,12,17,0.414,-6.8,-3.98,,5,11,,8,7,,3,9,,2225,2257,,1160,789,1679,0.47,252,687,0.367,395,506,0.781,220,929,404,189,85,351,483
68,Delaware State,26,14,12,0.538,-10.98,-7.07,,6,5,,9,2,,3,10,,2044,1916,,1050,759,1655,0.459,135,369,0.366,391,540,0.724,344,990,374,217,66,325,483
69,Denver,29,10,19,0.345,-10.92,-3.07,,4,10,,7,6,,3,11,,2120,2277,,1180,752,1667,0.451,212,613,0.346,404,549,0.736,260,898,343,194,68,364,651
70,DePaul,28,11,17,0.393,5.05,6.69,,2,15,,10,8,,1,9,,2022,2068,,1140,718,1642,0.437,262,778,0.337,324,458,0.707,277,992,437,166,97,354,458
71,Detroit Mercy,29,8,21,0.276,-12.35,-2.7,,4,14,,6,7,,2,12,,1933,2164,,1180,702,1723,0.407,159,487,0.326,370,497,0.744,352,1104,314,169,70,367,542
72,Drake,28,25,3,0.893,9.2,0.47,,15,3,,13,2,,9,1,,1990,1656,,1140,689,1405,0.49,190,517,0.368,422,600,0.703,285,863,374,250,62,324,450
73,Drexel,29,15,14,0.517,-3.76,-5.23,,7,9,,6,6,,7,7,,2031,1938,,1185,768,1682,0.457,222,632,0.351,273,397,0.688,321,1078,378,147,130,363,432
74,Duke,28,25,3,0.893,30.56,8.99,,16,1,,15,0,,9,1,,2312,1708,,1120,808,1643,0.492,291,745,0.391,405,520,0.779,306,1073,482,195,98,267,445
75,Duquesne,27,11,16,0.407,1.08,0.96,,6,8,,8,6,,1,7,,1851,1800,,1085,665,1566,0.425,226,663,0.341,295,458,0.644,327,930,371,188,117,314,482
76,East Carolina,28,16,12,0.571,0.67,-0.6,,8,7,,10,6,,4,5,,2151,2054,,1145,753,1714,0.439,190,599,0.317,455,635,0.717,372,1054,368,217,127,309,443
77,East Tennessee State,29,17,12,0.586,0.14,-4.3,,10,6,,12,3,,5,9,,2101,1932,,1160,742,1718,0.432,247,715,0.345,370,556,0.665,380,1088,372,227,107,321,475
78,East Texas A&M,29,4,25,0.138,-12.42,-1.28,,2,16,,3,9,,1,16,,1864,2187,,1165,664,1598,0.416,244,781,0.312,292,452,0.646,283,882,404,243,108,455,485
79,Eastern Illinois,29,10,19,0.345,-13.93,-5.7,,6,12,,5,7,,4,12,,1918,2022,,1170,696,1692,0.411,155,493,0.314,371,556,0.667,331,1019,331,252,77,358,539
80,Eastern Kentucky,30,17,13,0.567,-2.79,-3.64,,11,6,,10,3,,6,8,,2338,2249,,1220,826,1958,0.422,292,850,0.344,394,528,0.746,406,1128,394,260,110,301,498
81,Eastern Michigan,28,14,14,0.5,-10.15,-5.63,,7,8,,8,5,,5,9,,2043,2140,,1130,724,1579,0.459,204,598,0.341,391,541,0.723,280,911,359,194,95,365,498
82,Eastern Washington,28,10,18,0.357,-6.87,-1.02,,6,9,,8,4,,2,13,,2040,2122,,1120,732,1595,0.459,194,595,0.326,382,494,0.773,247,858,385,220,87,347,502
83,Elon,29,17,12,0.586,-1.9,-3.71,,8,8,,10,4,,6,7,,2139,1991,,1165,720,1639,0.439,223,692,0.322,476,642,0.741,377,1175,351,158,123,365,371
84,Evansville,29,11,18,0.379,-5.51,0.31,,8,10,,7,8,,4,10,,1946,2062,,1160,702,1619,0.434,206,673,0.306,336,485,0.693,231,963,379,177,124,333,480
85,Fairfield,27,10,17,0.37,-14.45,-7.14,,6,10,,6,6,,3,10,,1825,1966,,1085,653,1620,0.403,201,621,0.324,318,438,0.726,315,900,344,171,74,278,447
86,FDU,29,11,18,0.379,-11.87,-7.18,,7,7,,7,4,,4,14,,2151,2140,,1176,749,1715,0.437,249,728,0.342,404,573,0.705,288,987,402,196,79,337,473
87,Florida,28,24,4,0.857,26.29,9.79,,11,4,,13,1,,6,3,,2341,1879,,1120,834,1787,0.467,271,773,0.351,402,564,0.713,388,1175,437,225,131,296,461
88,Florida A&M,26,12,14,0.462,-13.19,-4.53,,9,6,,8,2,,4,12,,1866,1960,,1042,636,1461,0.435,241,683,0.353,353,495,0.713,265,899,325,141,84,376,457
89,Florida Atlantic,27,15,12,0.556,4.35,2.35,,8,6,,7,4,,5,6,,2167,2065,,1095,776,1669,0.465,243,684,0.355,372,535,0.695,299,993,442,190,108,308,471
90,Florida Gulf Coast,30,17,13,0.567,-1.75,-3.75,,12,5,,10,4,,7,9,,2176,2101,,1200,826,1750,0.472,237,676,0.351,287,413,0.695,287,1045,424,168,73,314,444
91,Florida International,27,8,19,0.296,-6.72,-1.52,,2,12,,6,7,,1,11,,1887,1955,,1090,693,1593,0.435,135,465,0.29,366,523,0.7,317,945,344,248,127,381,461
92,Florida State,28,16,12,0.571,9.34,5.8,,7,10,,10,5,,2,7,,2123,2024,,1125,742,1613,0.46,174,547,0.318,465,650,0.715,285,972,378,222,134,346,534
93,Fordham,27,11,16,0.407,-3.51,0.53,,3,11,,8,6,,2,8,,2018,2083,,1095,702,1638,0.429,225,681,0.33,389,540,0.72,317,984,379,209,91,363,492
94,Fresno State,28,5,23,0.179,-5.1,4.9,,1,16,,4,8,,1,13,,2000,2280,,1155,694,1700,0.408,190,603,0.315,422,607,0.695,285,973,316,215,91,371,431
95,Furman,29,21,8,0.724,-1.36,-3.36,,9,7,,12,3,,8,5,,2215,2004,,1170,764,1698,0.45,303,859,0.353,384,559,0.687,320,1079,496,187,99,324,426
96,Gardner-Webb,27,10,17,0.37,-7.35,-3.05,,5,9,,5,5,,3,12,,2027,2143,,1080,725,1544,0.47,180,529,0.34,397,571,0.695,304,982,298,138,91,395,514
97,George Mason,27,21,6,0.778,8.73,1.43,,12,2,,15,1,,6,5,,1919,1684,,1110,659,1451,0.454,183,536,0.341,418,598,0.699,281,1024,340,191,82,346,440
98,George Washington,28,18,10,0.643,3.71,-1.69,,7,8,,12,4,,4,5,,2068,1882,,1135,710,1594,0.445,206,666,0.309,440,627,0.702,315,1000,394,259,90,350,431
99,Georgetown,27,16,11,0.593,9.46,4.72,,7,9,,13,4,,3,7,,1934,1806,,1080,730,1630,0.448,183,592,0.309,291,411,0.708,313,982,395,224,113,332,429
100,Georgia,28,17,11,0.607,16.8,10.73,,5,10,,14,3,,1,7,,2108,1938,,1120,734,1588,0.462,192,580,0.331,448,624,0.718,334,1026,364,219,151,371,460
101,Georgia Southern,30,15,15,0.5,-7.29,-4.81,,7,10,,10,3,,4,11,,2224,2286,,1220,801,1876,0.427,287,833,0.345,335,507,0.661,385,1128,403,235,113,409,601
102,Georgia State,29,13,16,0.448,-7.06,-1.95,,8,8,,9,6,,3,9,,2174,2277,,1165,789,1765,0.447,208,605,0.344,388,567,0.684,347,1103,357,158,82,352,458
103,Georgia Tech,28,14,14,0.5,6.55,5.87,,8,9,,12,5,,2,8,,2066,2047,,1140,742,1681,0.441,210,616,0.341,372,548,0.679,299,1034,412,167,103,342,457
104,Gonzaga,30,22,8,0.733,23.73,6.23,,13,4,,13,2,,7,2,,2621,2096,,1215,961,1915,0.502,226,647,0.349,473,590,0.802,342,1171,594,226,91,290,500
105,Grambling,27,9,18,0.333,-12.4,-5.7,,6,8,,5,6,,4,10,,1818,1858,,1085,644,1486,0.433,177,525,0.337,353,491,0.719,240,919,310,176,95,355,439
106,Grand Canyon,26,20,6,0.769,5.67,-2.57,,10,2,,14,1,,4,3,,2031,1777,,1040,684,1521,0.45,169,529,0.319,494,674,0.733,291,981,359,248,132,352,437
107,Green Bay,29,3,26,0.103,-13.01,-1.97,,1,17,,2,10,,1,16,,2005,2316,,1160,668,1533,0.436,235,709,0.331,434,553,0.785,164,854,399,146,56,378,521
108,Hampton,29,16,13,0.552,-4.52,-3.63,,8,8,,10,4,,4,7,,2132,2037,,1165,757,1768,0.428,225,660,0.341,391,539,0.725,380,1059,361,223,86,320,527
109,Harvard,24,10,14,0.417,-8.71,-3.97,,5,6,,5,4,,5,10,,1656,1759,,965,605,1359,0.445,176,550,0.32,270,355,0.761,203,758,332,172,66,287,343
110,Hawaii,27,14,13,0.519,-2.51,-0.31,,6,10,,12,6,,2,7,,1882,1898,,1090,644,1434,0.449,174,542,0.321,420,577,0.728,273,961,312,101,67,367,480
111,High Point,30,25,5,0.833,5.42,-5.29,,13,2,,15,1,,7,3,,2465,2066,,1205,852,1728,0.493,247,677,0.365,514,666,0.772,329,1082,391,183,86,309,553
112,Hofstra,29,13,16,0.448,-4.62,-2.06,,5,11,,5,7,,5,8,,1939,1913,,1180,694,1615,0.43,235,693,0.339,316,436,0.725,236,1007,391,170,114,334,516
113,Holy Cross,29,13,16,0.448,-11.68,-6.76,,5,11,,7,5,,4,11,,2005,2063,,1170,744,1637,0.454,260,685,0.38,257,359,0.716,222,950,359,137,78,343,393
114,Houston,28,24,4,0.857,28.84,11.73,,16,1,,14,1,,9,0,,2097,1618,,1145,767,1660,0.462,229,569,0.402,334,453,0.737,354,1026,361,219,130,263,467
115,Houston Christian,29,12,17,0.414,-7.31,-2.38,,9,9,,8,7,,4,10,,1948,2034,,1160,682,1594,0.428,231,701,0.33,353,505,0.699,274,917,318,227,105,342,399
116,Howard,28,12,16,0.429,-11,-6.13,,7,4,,8,5,,3,9,,2184,2215,,1130,754,1583,0.476,240,623,0.385,436,593,0.735,262,942,461,158,80,416,519
117,Idaho,28,12,16,0.429,-6.84,-2.61,,7,8,,7,5,,5,10,,2089,2122,,1120,710,1578,0.45,260,733,0.355,409,547,0.748,285,921,352,171,77,336,519
118,Idaho State,26,13,13,0.5,-3.21,-3.08,,8,7,,10,3,,3,10,,1944,1818,,1045,675,1554,0.434,201,596,0.337,393,533,0.737,361,991,358,159,125,288,442
119,Illinois,29,18,11,0.621,21.58,11.69,,10,8,,12,4,,4,5,,2414,2127,,1171,831,1855,0.448,266,872,0.305,486,643,0.756,377,1243,422,133,124,337,471
120,Illinois State,30,17,13,0.567,2.04,0.28,,9,10,,11,4,,5,7,,2297,2191,,1205,805,1655,0.486,306,791,0.387,381,509,0.749,232,962,435,164,45,310,500
121,Illinois-Chicago,28,16,12,0.571,0.98,0.98,,9,9,,8,5,,7,5,,2178,2072,,1140,765,1654,0.463,231,653,0.354,417,577,0.723,300,1014,437,191,85,338,509
122,Incarnate Word,29,15,14,0.517,-5.97,-5.13,,8,10,,11,5,,3,9,,2134,1992,,1160,798,1693,0.471,233,619,0.376,305,450,0.678,338,1015,361,194,111,333,475
123,Indiana,27,16,11,0.593,14.47,11.54,,7,9,,12,4,,3,5,,2039,1960,,1085,742,1602,0.463,166,533,0.311,389,542,0.718,294,989,421,160,91,318,453
124,Indiana State,30,13,17,0.433,-3.65,-0.36,,7,12,,7,6,,4,9,,2383,2382,,1215,812,1765,0.46,301,876,0.344,458,604,0.758,282,1069,462,210,69,427,551
125,Iona,28,12,16,0.429,-9.27,-6.88,,9,8,,6,7,,5,7,,1925,1992,,1130,701,1720,0.408,190,605,0.314,333,484,0.688,416,1030,396,280,80,414,519
126,Iowa,28,15,13,0.536,12.61,9.04,,6,11,,12,5,,1,7,,2327,2227,,1125,861,1757,0.49,273,723,0.378,332,471,0.705,246,897,513,195,120,285,417
127,Iowa State,28,21,7,0.75,22.3,9.45,,11,6,,14,1,,5,5,,2242,1882,,1130,778,1629,0.478,204,587,0.348,482,645,0.747,304,1015,420,260,99,329,430
128,IU Indy,29,9,20,0.31,-11.65,-4.3,,5,13,,5,7,,4,11,,2158,2194,,1165,714,1686,0.423,296,806,0.367,434,588,0.738,335,998,395,180,59,313,519
129,Jackson State,27,10,17,0.37,-9.45,-2.82,,10,4,,6,1,,4,15,,1913,2092,,1100,652,1586,0.411,177,553,0.32,432,594,0.727,296,955,320,201,92,382,467
130,Jacksonville,29,17,12,0.586,-2.96,-2.89,,11,6,,9,3,,7,8,,2088,2056,,1165,769,1751,0.439,218,597,0.365,332,492,0.675,366,1054,395,231,134,389,495
131,Jacksonville State,28,19,9,0.679,1.95,0.11,,11,4,,12,1,,6,6,,2100,1919,,1120,744,1640,0.454,219,613,0.357,393,511,0.769,304,1083,329,134,102,281,374
132,James Madison,30,20,10,0.667,-0.43,-2.47,,13,4,,13,2,,5,7,,2212,2075,,1200,772,1740,0.444,271,770,0.352,397,528,0.752,329,1070,357,183,97,321,477
133,Kansas,28,19,9,0.679,20.88,12.31,,10,7,,13,2,,4,7,,2125,1885,,1130,817,1726,0.473,202,588,0.344,289,410,0.705,289,1082,500,182,139,322,396
134,Kansas City,29,11,18,0.379,-5.56,-2.12,,3,11,,8,5,,2,11,,2129,1971,,1160,726,1673,0.434,264,764,0.346,413,538,0.768,342,1025,364,220,92,346,493
135,Kansas State,27,13,14,0.481,11.37,9.33,,7,9,,9,5,,2,8,,1958,1903,,1085,718,1599,0.449,224,656,0.341,298,440,0.677,280,912,429,207,99,329,420
136,Kennesaw State,28,16,12,0.571,0.97,1.17,,8,7,,12,3,,3,7,,2147,2033,,1130,734,1719,0.427,238,789,0.302,441,624,0.707,368,1153,368,189,120,391,511
137,Kent State,28,19,9,0.679,2.16,-2.72,,9,6,,10,4,,7,4,,2071,1895,,1125,744,1693,0.439,205,656,0.313,378,496,0.762,350,1014,367,215,96,326,516
138,Kentucky,27,18,9,0.667,22.46,13.24,,7,7,,14,2,,2,6,,2313,2064,,1085,813,1682,0.483,270,713,0.379,417,566,0.737,281,1056,465,175,116,288,467
139,La Salle,27,12,15,0.444,-4.09,1.1,,4,10,,9,4,,2,8,,1963,2038,,1085,710,1710,0.415,183,572,0.32,360,504,0.714,331,1003,325,195,95,286,414
140,Lafayette,30,12,18,0.4,-9.6,-7.67,,7,10,,9,6,,3,12,,2059,2069,,1217,734,1692,0.434,235,688,0.342,356,520,0.685,266,1011,434,177,104,330,477
141,Lamar,29,18,11,0.621,-3.05,-3.44,,13,5,,9,3,,9,6,,2063,1931,,1165,759,1745,0.435,208,568,0.366,337,492,0.685,381,1103,455,219,137,364,443
142,Le Moyne,29,9,20,0.31,-17.35,-8.09,,4,10,,6,7,,2,13,,2150,2311,,1195,744,1631,0.456,229,687,0.333,433,611,0.709,260,962,418,201,64,407,567
143,Lehigh,27,10,17,0.37,-9.95,-5.67,,5,11,,8,4,,2,13,,1880,1920,,1090,679,1530,0.444,217,582,0.373,305,452,0.675,198,847,352,160,57,280,425
144,Liberty,27,22,5,0.815,7.77,-1.81,,10,4,,11,2,,7,2,,2047,1650,,1085,743,1525,0.487,281,738,0.381,280,432,0.648,183,903,450,190,73,277,341
145,Lindenwood,30,14,16,0.467,-13.09,-6.68,,9,10,,11,3,,2,12,,2144,2146,,1220,766,1796,0.427,181,626,0.289,431,645,0.668,343,1086,342,250,116,386,490
146,Lipscomb,30,21,9,0.7,5.22,-4.24,,13,4,,11,3,,10,6,,2378,2023,,1200,840,1771,0.474,290,818,0.355,408,523,0.78,253,1074,460,211,83,283,379
147,Little Rock,29,18,11,0.621,-5.32,-7.47,,12,6,,9,5,,9,5,,2021,1920,,1170,752,1672,0.45,190,512,0.371,327,463,0.706,286,984,400,260,147,397,484
148,Long Beach State,28,7,21,0.25,-10.23,-0.2,,3,13,,3,9,,4,9,,1873,2063,,1130,647,1482,0.437,182,524,0.347,397,531,0.748,261,881,317,162,85,399,509
149,Long Island University,29,14,15,0.483,-11.21,-8.58,,10,4,,8,4,,6,9,,1965,1926,,1185,733,1684,0.435,179,575,0.311,320,452,0.708,330,1014,353,239,99,380,554
150,Longwood,29,17,12,0.586,-3.2,-4.36,,6,8,,12,3,,4,7,,2283,2132,,1160,773,1654,0.467,187,557,0.336,550,760,0.724,323,998,389,216,60,350,533
151,Louisiana,29,11,18,0.379,-9.35,-1.78,,8,8,,5,11,,6,4,,1931,2126,,1165,674,1672,0.403,199,628,0.317,384,521,0.737,278,907,302,214,83,314,510
152,Louisiana State,28,14,14,0.5,12.22,8.87,,3,12,,11,6,,2,6,,2116,2022,,1135,750,1657,0.453,223,710,0.314,393,542,0.725,297,1019,373,199,138,367,471
153,Louisiana Tech,28,18,10,0.643,1.34,-0.06,,7,8,,10,3,,4,7,,2068,1920,,1130,729,1558,0.468,219,650,0.337,391,517,0.756,269,1016,435,182,118,358,421
154,Louisiana-Monroe,30,7,23,0.233,-14.36,-3.89,,3,14,,5,10,,2,12,,2069,2250,,1205,733,1807,0.406,202,622,0.325,401,563,0.712,346,1094,384,222,71,355,419
155,Louisville,28,22,6,0.786,19.11,8.86,,15,2,,11,3,,9,2,,2227,1940,,1125,763,1687,0.452,272,833,0.327,429,574,0.747,323,1051,404,188,80,316,434
156,Loyola (IL),27,18,9,0.667,2.96,-0.34,,9,5,,14,1,,4,4,,1999,1861,,1095,711,1542,0.461,227,640,0.355,350,523,0.669,271,950,433,177,121,334,483
157,Loyola (MD),27,11,16,0.407,-11.39,-8.12,,6,10,,6,6,,5,10,,1861,1905,,1080,670,1550,0.432,194,608,0.319,327,465,0.703,277,912,370,200,77,324,403
158,Loyola Marymount,29,16,13,0.552,1,3.14,,8,9,,11,5,,3,8,,2047,2064,,1160,740,1698,0.436,227,691,0.329,340,474,0.717,234,975,375,164,115,304,476
159,Maine,28,16,12,0.571,-5.72,-7.84,,8,5,,8,2,,6,10,,2005,1847,,1125,743,1591,0.467,194,542,0.358,325,432,0.752,213,860,425,256,94,303,421
160,Manhattan,25,13,12,0.52,-7.88,-7.55,,8,8,,7,5,,6,7,,1885,1876,,1025,658,1511,0.435,213,622,0.342,356,471,0.756,299,918,374,170,63,303,356
161,Marist,25,20,5,0.8,-6.55,-10.51,,13,3,,11,2,,9,3,,1710,1611,,1015,649,1419,0.457,176,530,0.332,236,339,0.696,245,892,361,145,83,297,379
162,Marquette,28,21,7,0.75,19.65,9.58,,12,5,,14,2,,6,5,,2159,1877,,1125,776,1754,0.442,269,818,0.329,338,462,0.732,320,956,396,266,106,253,438
163,Marshall,30,18,12,0.6,-2.52,-4.38,,11,6,,13,3,,5,9,,2271,2156,,1205,803,1797,0.447,235,735,0.32,430,623,0.69,357,1105,434,205,155,358,581
164,Maryland,27,21,6,0.778,23.31,6.94,,11,5,,16,1,,3,5,,2259,1817,,1086,817,1675,0.488,224,597,0.375,401,537,0.747,294,1006,408,201,119,285,428
165,Maryland-Baltimore County,29,13,16,0.448,-10.65,-7.88,,5,9,,8,7,,5,9,,2342,2280,,1180,851,1740,0.489,258,675,0.382,382,551,0.693,219,938,433,220,82,342,442
166,Maryland-Eastern Shore,26,4,22,0.154,-22.08,-1.99,,0,10,,4,6,,0,16,,1740,2065,,1040,619,1462,0.423,166,532,0.312,336,516,0.651,244,843,292,141,48,348,455
167,Massachusetts,28,11,17,0.393,-1.79,0.88,,6,9,,7,7,,4,6,,2048,2086,,1140,740,1794,0.412,155,558,0.278,413,627,0.659,399,1117,360,217,144,334,513
168,Massachusetts-Lowell,28,16,12,0.571,-7.71,-7.03,,5,8,,13,3,,3,9,,2252,2096,,1130,798,1623,0.492,198,561,0.353,458,591,0.775,248,1014,424,162,122,343,375
169,McNeese State,29,23,6,0.793,8.96,-1.67,,17,1,,13,1,,8,2,,2240,1865,,1160,808,1684,0.48,222,626,0.355,402,569,0.707,353,1049,416,265,94,327,468
170,Memphis,27,22,5,0.815,13.77,7.15,,12,2,,11,2,,9,2,,2149,1970,,1095,746,1576,0.473,218,551,0.396,439,619,0.709,302,966,392,208,118,373,471
171,Mercer,29,12,17,0.414,-8.27,-4.57,,5,11,,6,6,,5,10,,2244,2215,,1175,826,1875,0.441,242,755,0.321,350,545,0.642,350,1138,388,250,78,353,490
172,Mercyhurst,30,14,16,0.467,-15.56,-8.56,,8,7,,10,2,,4,14,,2015,2099,,1215,703,1650,0.426,199,585,0.34,410,511,0.802,229,815,399,225,64,324,507
173,Merrimack,28,15,13,0.536,-4.58,-5.19,,12,5,,7,4,,8,8,,1819,1802,,1125,658,1565,0.42,216,668,0.323,287,397,0.723,201,800,326,251,106,261,441
174,Miami (FL),28,6,22,0.214,1.09,7.3,,2,15,,6,10,,0,8,,2075,2249,,1130,761,1650,0.461,202,642,0.315,351,455,0.771,261,891,363,174,89,309,408
175,Miami (OH),28,21,7,0.75,-0.95,-5.22,,12,3,,14,1,,5,6,,2284,2048,,1125,820,1685,0.487,293,741,0.395,351,480,0.731,264,937,452,233,99,340,503
176,Michigan,27,21,6,0.778,20.9,11.45,,13,3,,12,1,,7,2,,2151,1896,,1090,755,1567,0.482,238,681,0.349,403,557,0.724,297,1032,442,156,109,390,453
177,Michigan State,27,22,5,0.815,21.72,9.98,,13,3,,13,1,,6,2,,2132,1815,,1085,747,1590,0.47,152,513,0.296,486,608,0.799,324,1070,471,149,128,318,453
178,Middle Tennessee,27,18,9,0.667,2.86,1.62,,9,5,,10,3,,6,5,,2054,1929,,1085,744,1633,0.456,201,610,0.33,365,541,0.675,309,1024,337,180,122,299,463
179,Milwaukee,29,19,10,0.655,0.4,-3.49,,12,6,,11,2,,7,8,,2286,2090,,1170,824,1764,0.467,173,551,0.314,465,673,0.691,432,1163,401,213,98,393,508
180,Minnesota,28,14,14,0.5,8.58,9.73,,6,11,,10,8,,4,4,,1913,1945,,1140,697,1573,0.443,183,570,0.321,336,504,0.667,292,940,434,172,135,299,480
181,Mississippi,27,19,8,0.704,18.54,10.17,,8,6,,11,3,,5,4,,2095,1869,,1090,722,1626,0.444,235,672,0.35,416,568,0.732,247,910,408,244,121,240,483
182,Mississippi State,28,19,9,0.679,17.5,11.72,,7,8,,9,4,,6,4,,2213,2051,,1130,798,1770,0.451,232,744,0.312,385,555,0.694,371,1078,432,263,130,304,476
183,Mississippi Valley State,28,3,25,0.107,-34.77,-2.93,,1,14,,2,6,,1,19,,1494,2285,,1120,543,1411,0.385,117,418,0.28,291,443,0.657,220,789,226,172,52,464,461
184,Missouri,28,21,7,0.75,21.6,8.17,,10,5,,18,1,,3,5,,2361,1985,,1120,782,1598,0.489,251,669,0.375,546,756,0.722,301,964,396,280,79,297,494
185,Missouri State,29,9,20,0.31,-3.2,0.54,,2,16,,7,7,,1,11,,1996,2056,,1190,714,1578,0.452,205,579,0.354,363,557,0.652,304,955,356,215,72,397,536
186,Monmouth,29,11,18,0.379,-8.26,-2.64,,9,7,,7,2,,4,13,,2038,2201,,1170,687,1679,0.409,199,576,0.345,465,623,0.746,323,1002,330,167,124,335,526
187,Montana,28,20,8,0.714,-1.81,-0.61,,13,2,,14,1,,6,7,,2152,2072,,1120,786,1573,0.5,212,586,0.362,368,507,0.726,211,882,391,181,95,303,445
188,Montana State,28,12,16,0.429,-2.39,-1.65,,7,8,,10,3,,2,13,,2015,1977,,1125,706,1572,0.449,232,681,0.341,371,507,0.732,207,892,358,179,96,280,464
189,Morehead State,29,14,15,0.483,-13.53,-6.87,,9,9,,9,5,,5,9,,1937,2015,,1165,681,1619,0.421,172,553,0.311,403,601,0.671,333,1070,342,162,76,346,455
190,Morgan State,27,11,16,0.407,-14.79,-6.79,,5,6,,10,4,,1,12,,2176,2201,,1090,812,1693,0.48,126,372,0.339,426,590,0.722,339,1006,357,189,119,359,505
191,Mount St. Mary's,27,17,10,0.63,-8.29,-6.87,,10,6,,8,4,,9,6,,1931,1932,,1100,674,1522,0.443,205,613,0.334,378,516,0.733,290,1012,408,178,78,410,440
192,Murray State,30,15,15,0.5,0.96,0.61,,9,10,,7,5,,6,7,,2175,2089,,1230,724,1652,0.438,226,657,0.344,501,696,0.72,297,1015,346,201,92,342,516
193,Navy,29,11,18,0.379,-9.87,-8.08,,8,8,,8,5,,3,11,,2037,2036,,1165,722,1715,0.421,218,650,0.335,375,523,0.717,331,1053,389,175,78,315,476
194,NC State,27,11,16,0.407,7.09,6.79,,4,12,,11,6,,0,8,,1895,1887,,1085,679,1570,0.432,175,545,0.321,362,505,0.717,281,866,340,178,106,253,449
195,Nebraska,28,17,11,0.607,13.95,10.48,,7,10,,10,4,,5,6,,2090,1993,,1130,726,1600,0.454,203,621,0.327,435,576,0.755,249,981,389,204,87,329,433
196,Nevada,28,16,12,0.571,11.18,5.22,,8,9,,11,5,,3,6,,2058,1891,,1129,729,1501,0.486,205,556,0.369,395,569,0.694,246,906,437,183,95,296,481
197,Nevada-Las Vegas,28,15,13,0.536,6.61,5.4,,9,8,,10,5,,5,6,,1950,1916,,1120,695,1559,0.446,179,526,0.34,381,534,0.713,254,928,338,191,102,297,444
198,New Hampshire,29,8,21,0.276,-19.05,-7.12,,6,8,,6,6,,2,13,,1945,2223,,1160,704,1687,0.417,231,695,0.332,306,462,0.662,299,999,331,159,70,388,483
199,New Mexico,28,22,6,0.786,15.49,6.34,,14,3,,14,1,,6,4,,2305,2006,,1130,820,1781,0.46,207,585,0.354,458,664,0.69,346,1119,430,251,148,331,505
200,New Mexico State,27,15,12,0.556,0.9,0.98,,8,6,,8,5,,7,5,,1885,1781,,1085,667,1593,0.419,196,609,0.322,355,522,0.68,312,1009,320,175,63,309,502
201,New Orleans,29,4,25,0.138,-14.28,-0.21,,2,16,,0,11,,3,13,,1965,2373,,1172,706,1708,0.413,162,527,0.307,391,587,0.666,343,1028,357,212,77,385,441
202,Niagara,27,10,17,0.37,-12.33,-7.75,,5,11,,6,5,,2,12,,1835,1919,,1090,649,1447,0.449,216,623,0.347,321,435,0.738,204,828,334,173,61,329,430
203,Nicholls State,29,18,11,0.621,-2.14,-2.03,,12,6,,11,4,,7,7,,2167,2033,,1165,772,1788,0.432,221,645,0.343,402,586,0.686,346,1086,324,227,116,298,512
204,NJIT,28,5,23,0.179,-16.91,-6.98,,2,11,,4,7,,0,16,,1828,2040,,1125,657,1643,0.4,191,617,0.31,323,437,0.739,302,1006,291,130,108,342,513
205,Norfolk State,28,20,8,0.714,-2.39,-6.55,,10,1,,11,1,,7,7,,2170,1904,,1125,771,1588,0.486,160,477,0.335,468,617,0.759,286,983,385,200,85,345,496
206,North Alabama,30,21,9,0.7,1.33,-5.42,,13,4,,13,1,,7,8,,2384,2128,,1210,869,1887,0.461,233,678,0.344,413,575,0.718,373,1144,374,228,97,267,437
207,North Carolina,29,18,11,0.621,15.95,11.12,,11,6,,11,2,,5,6,,2361,2221,,1170,841,1765,0.476,218,641,0.34,461,625,0.738,289,1063,421,171,110,314,504
208,North Carolina A&T,29,7,22,0.241,-11.43,-3.53,,3,13,,5,9,,2,13,,2054,2223,,1160,737,1779,0.414,197,645,0.305,383,561,0.683,308,1040,330,186,87,301,449
209,North Carolina Central,27,11,16,0.407,-11.57,-7.01,,4,6,,8,4,,2,11,,2161,2026,,1095,767,1663,0.461,208,579,0.359,419,603,0.695,375,926,436,238,67,355,548
210,North Dakota,29,11,18,0.379,-7.2,-1.47,,5,9,,8,6,,2,10,,2246,2292,,1160,789,1821,0.433,238,727,0.327,430,606,0.71,399,1101,345,170,67,325,468
211,North Dakota State,30,20,10,0.667,1.91,-3.02,,9,6,,10,4,,8,6,,2429,2223,,1216,816,1705,0.479,365,912,0.4,432,558,0.774,264,1029,452,104,55,308,439
212,North Florida,30,15,15,0.5,-7.09,-2.95,,8,9,,8,5,,7,10,,2501,2536,,1215,889,2007,0.443,383,1083,0.354,340,497,0.684,343,1083,494,195,100,331,543
213,North Texas,26,20,6,0.769,8.99,0.91,,11,3,,13,1,,6,4,,1771,1528,,1040,607,1344,0.452,179,499,0.359,378,495,0.764,272,873,272,204,60,277,389
214,Northeastern,29,15,14,0.517,-4.35,-4.46,,7,9,,7,5,,6,8,,2039,2036,,1160,759,1673,0.454,195,584,0.334,326,469,0.695,304,998,376,211,141,363,466
215,Northern Arizona,29,16,13,0.552,-6.16,-5.6,,7,9,,10,4,,6,8,,2217,2061,,1161,814,1796,0.453,236,688,0.343,353,531,0.665,359,1123,446,178,48,289,458
216,Northern Colorado,29,21,8,0.724,1.06,-3.17,,13,3,,13,2,,7,6,,2368,2139,,1175,861,1688,0.51,247,660,0.374,399,553,0.722,235,997,476,180,73,310,505
217,Northern Illinois,28,5,23,0.179,-16.84,-3.92,,1,14,,5,8,,0,15,,1988,2157,,1125,686,1667,0.412,258,781,0.33,358,503,0.712,206,919,345,172,100,313,551
218,Northern Iowa,29,19,10,0.655,5.77,0.09,,13,5,,13,3,,5,4,,2162,1961,,1165,776,1576,0.492,207,563,0.368,403,575,0.701,237,956,402,174,87,303,432
219,Northern Kentucky,29,14,15,0.483,-5.8,-2.68,,9,9,,10,6,,4,9,,2042,2081,,1180,735,1695,0.434,221,679,0.325,351,537,0.654,323,969,407,231,95,349,461
220,Northwestern,28,15,13,0.536,14.32,10.28,,6,11,,11,4,,2,8,,2057,1944,,1140,746,1681,0.444,191,566,0.337,374,510,0.733,318,957,405,205,96,276,493
221,Northwestern State,28,13,15,0.464,-5.46,-1.08,,10,8,,7,5,,6,10,,1882,1945,,1130,667,1551,0.43,187,549,0.341,361,511,0.706,321,992,360,187,123,369,437
222,Notre Dame,27,12,15,0.444,7.82,6.41,,6,10,,9,5,,3,7,,1979,1941,,1095,708,1549,0.457,214,591,0.362,349,470,0.743,277,936,322,155,44,296,424
223,Oakland,29,13,16,0.448,-3.11,-0.11,,10,8,,8,4,,4,10,,2005,2066,,1180,719,1680,0.428,210,722,0.291,357,511,0.699,363,1028,343,194,87,343,450
224,Ohio,28,15,13,0.536,-1.31,-3.83,,9,6,,11,2,,3,9,,2233,2114,,1125,784,1673,0.469,246,691,0.356,419,550,0.762,229,938,404,207,88,308,491
225,Ohio State,28,15,13,0.536,19.02,12.77,,7,10,,10,6,,3,6,,2189,2014,,1140,769,1652,0.465,225,610,0.369,426,570,0.747,267,962,363,181,105,308,546
226,Oklahoma,27,17,10,0.63,14.2,9.94,,4,10,,11,4,,1,6,,2099,1984,,1080,701,1503,0.466,229,633,0.362,468,593,0.789,236,874,368,219,70,335,492
227,Oklahoma State,28,14,14,0.5,6.91,10.27,,6,11,,11,3,,2,8,,2046,2140,,1120,683,1602,0.426,185,578,0.32,495,684,0.724,318,980,357,248,76,375,547
228,Old Dominion,30,11,19,0.367,-10.51,-3.65,,7,10,,7,9,,4,7,,2064,2202,,1210,732,1823,0.402,184,647,0.284,416,587,0.709,426,1142,321,167,89,348,510
229,Omaha,30,18,12,0.6,-2.86,-2.5,,12,3,,10,2,,7,9,,2319,2283,,1200,803,1738,0.462,248,676,0.367,465,642,0.724,297,1042,396,175,72,334,557
230,Oral Roberts,27,7,20,0.259,-10.72,-0.46,,3,11,,7,6,,0,14,,2018,2126,,1085,676,1533,0.441,257,693,0.371,409,546,0.749,236,852,282,138,58,319,485
231,Oregon,28,20,8,0.714,16.92,12.13,,9,8,,10,4,,6,4,,2144,2010,,1130,750,1646,0.456,220,635,0.346,424,556,0.763,286,986,409,199,103,309,458
232,Oregon State,29,20,9,0.69,9.59,1.7,,10,6,,15,2,,3,6,,2232,1975,,1175,772,1595,0.484,212,567,0.374,476,598,0.796,281,984,427,197,93,326,450
233,Pacific,31,9,22,0.29,-6.13,2.49,,4,13,,5,9,,2,13,,2152,2322,,1250,773,1774,0.436,203,674,0.301,403,560,0.72,324,1087,398,173,87,396,572
234,Penn State,28,15,13,0.536,13.2,6.77,,5,12,,11,5,,2,7,,2224,2044,,1120,777,1629,0.477,198,592,0.334,472,623,0.758,275,945,449,231,109,343,460
235,Pennsylvania,24,7,17,0.292,-9.02,-2.19,,3,8,,5,8,,2,8,,1653,1817,,965,586,1404,0.417,206,631,0.326,275,404,0.681,239,821,330,115,42,261,375
236,Pepperdine,29,10,19,0.345,-3.2,2.51,,4,12,,7,8,,2,10,,2110,2208,,1160,760,1721,0.442,199,586,0.34,391,549,0.712,292,1028,460,179,84,333,448
237,Pittsburgh,28,16,12,0.571,14.38,8.85,,7,10,,12,4,,3,7,,2150,1995,,1130,739,1619,0.456,233,660,0.353,439,560,0.784,270,931,377,203,125,275,456
238,Portland,29,11,18,0.379,-7.32,3.39,,6,10,,8,7,,3,8,,2094,2339,,1180,717,1654,0.433,240,707,0.339,420,544,0.772,236,976,447,139,93,374,445
239,Portland State,28,16,12,0.571,-4.09,-4.57,,8,7,,10,1,,5,10,,2141,1963,,1120,812,1687,0.481,175,525,0.333,342,541,0.632,334,1022,413,240,143,363,489
240,Prairie View,28,5,23,0.179,-18.35,-6.46,,4,11,,3,6,,2,17,,2023,2323,,1120,722,1649,0.438,179,550,0.325,400,568,0.704,240,784,343,233,84,340,553
241,Presbyterian,29,12,17,0.414,-6.83,-4.02,,5,9,,7,5,,3,12,,2178,2073,,1170,791,1683,0.47,213,581,0.367,383,548,0.699,303,980,389,200,92,313,524
242,Princeton,26,17,9,0.654,-2.41,-2.2,,6,5,,8,4,,6,3,,1914,1862,,1040,683,1586,0.431,268,756,0.354,280,395,0.709,268,899,385,195,54,274,406
243,Providence,28,12,16,0.429,8.22,8.5,,6,11,,10,4,,2,8,,2006,2014,,1125,704,1596,0.441,263,737,0.357,335,485,0.691,311,1045,354,134,103,358,494
244,Purdue,28,19,9,0.679,21,13.65,,11,6,,12,2,,5,5,,2170,1964,,1120,769,1562,0.492,223,589,0.379,409,562,0.728,259,908,456,191,50,301,447
245,Purdue Fort Wayne,29,19,10,0.655,0.04,-4.15,,12,6,,12,1,,6,8,,2385,2169,,1175,847,1783,0.475,307,815,0.377,384,507,0.757,223,874,406,257,82,267,448
246,Queens (NC),30,18,12,0.6,-5.04,-4.97,,11,6,,9,5,,8,7,,2312,2225,,1210,800,1786,0.448,282,820,0.344,430,625,0.688,339,1122,486,200,157,384,506
247,Quinnipiac,27,17,10,0.63,-4.7,-6.85,,13,3,,10,2,,7,8,,2003,1923,,1085,712,1674,0.425,189,634,0.298,390,514,0.759,325,1052,372,237,129,351,441
248,Radford,29,17,12,0.586,-2.83,-2.71,,7,7,,9,3,,6,9,,2155,2053,,1165,726,1605,0.452,222,595,0.373,481,641,0.75,338,1037,340,169,92,334,508
249,Rhode Island,26,17,9,0.654,3.02,-0.38,,6,8,,13,2,,1,7,,2023,1906,,1055,687,1481,0.464,193,552,0.35,456,653,0.698,256,983,368,154,91,336,411
250,Rice,28,13,15,0.464,-0.47,-2.25,,4,11,,7,7,,4,6,,2001,1954,,1130,660,1548,0.426,213,612,0.348,468,683,0.685,344,1081,334,133,89,332,496
251,Richmond,29,10,19,0.345,-5.03,2,,5,11,,6,8,,2,10,,1948,2095,,1180,663,1577,0.42,225,715,0.315,397,503,0.789,192,902,336,177,61,294,498
252,Rider,28,10,18,0.357,-12.83,-6.36,,6,11,,3,7,,7,11,,1831,2012,,1120,665,1591,0.418,149,484,0.308,352,491,0.717,310,957,344,154,91,327,404
253,Robert Morris,30,22,8,0.733,-0.77,-5.64,,14,5,,15,2,,7,6,,2280,2111,,1220,786,1763,0.446,216,631,0.342,492,679,0.725,369,1121,462,199,137,401,504
254,Rutgers,28,14,14,0.5,11.02,10.52,,7,10,,10,5,,3,6,,2148,2134,,1130,749,1672,0.448,204,606,0.337,446,618,0.722,312,1000,365,194,110,310,476
255,Sacramento State,28,7,21,0.25,-13.16,-3.48,,3,12,,5,9,,2,12,,1879,1968,,1120,657,1519,0.433,239,708,0.338,326,486,0.671,267,956,369,168,89,377,528
256,Sacred Heart,27,12,15,0.444,-9.32,-7.63,,8,8,,6,5,,5,9,,2057,2061,,1080,733,1654,0.443,259,722,0.359,332,455,0.73,305,989,440,191,82,326,430
257,Saint Francis (PA),29,12,17,0.414,-13,-6,,7,8,,8,4,,4,13,,2092,2126,,1180,785,1684,0.466,244,709,0.344,278,380,0.732,256,991,427,176,71,378,447
258,Saint Joseph's,27,17,10,0.63,8.43,1.24,,8,6,,11,4,,3,5,,2020,1826,,1085,705,1578,0.447,249,727,0.343,361,480,0.752,269,989,406,174,148,316,390
259,Saint Louis,28,16,12,0.571,3.64,2.4,,9,6,,12,3,,4,7,,2047,1943,,1125,731,1557,0.469,263,772,0.341,322,475,0.678,222,1007,421,176,90,359,415
260,Saint Mary's (CA),29,25,4,0.862,18.5,5.54,,15,1,,15,1,,8,1,,2169,1766,,1170,801,1740,0.46,198,593,0.334,369,532,0.694,403,1143,464,192,117,282,434
261,Saint Peter's,24,10,14,0.417,-10.18,-7.7,,5,11,,5,5,,5,9,,1589,1581,,965,541,1349,0.401,175,527,0.332,332,456,0.728,336,898,253,167,83,335,461
262,Sam Houston,28,11,17,0.393,-1.75,1.93,,4,11,,7,3,,3,13,,2115,2108,,1135,730,1646,0.443,246,627,0.392,409,565,0.724,313,1008,368,187,80,362,502
263,Samford,29,21,8,0.724,2.67,-3.85,,11,5,,13,3,,8,5,,2394,2120,,1170,859,1867,0.46,319,874,0.365,357,500,0.714,382,1063,487,291,115,382,546
264,San Diego,29,4,25,0.138,-7.73,2.74,,1,15,,4,13,,0,11,,1991,2279,,1160,705,1755,0.402,174,626,0.278,407,542,0.751,333,1010,323,203,107,385,620
265,San Diego State,26,19,7,0.731,14.72,8.28,,12,5,,11,3,,5,3,,1855,1643,,1050,670,1516,0.442,200,595,0.336,313,459,0.682,279,948,336,200,148,292,480
266,San Francisco,29,22,7,0.759,11.03,2.75,,12,4,,16,1,,4,5,,2194,1946,,1165,760,1661,0.458,252,740,0.341,422,599,0.705,290,1018,400,202,106,346,538
267,San Jose State,30,13,17,0.433,0.75,4.5,,6,12,,6,8,,3,8,,2189,2220,,1215,776,1736,0.447,245,703,0.349,392,535,0.733,291,1017,393,172,92,330,472
268,Santa Clara,30,19,11,0.633,13.66,5.62,,11,6,,11,4,,5,5,,2428,2187,,1215,859,1837,0.468,322,853,0.377,388,532,0.729,340,1133,501,195,92,365,502
269,Seattle,26,10,16,0.385,-0.56,-0.23,,5,7,,8,4,,2,11,,1866,1779,,1040,619,1466,0.422,190,564,0.337,438,605,0.724,280,895,321,203,79,300,470
270,Seton Hall,27,7,20,0.259,0.03,7.44,,2,14,,5,9,,0,9,,1689,1889,,1095,598,1496,0.4,145,456,0.318,348,509,0.684,311,862,297,219,91,343,483
271,Siena,28,13,15,0.464,-6.07,-6.79,,8,9,,8,5,,4,8,,2022,2002,,1140,684,1577,0.434,211,632,0.334,443,601,0.737,269,898,326,198,136,341,464
272,South Alabama,29,19,10,0.655,1.55,-3.75,,11,5,,12,4,,7,6,,2110,1868,,1190,739,1666,0.444,258,781,0.33,374,537,0.696,280,1018,430,269,78,270,385
273,South Carolina,28,11,17,0.393,9.32,11.07,,1,14,,9,7,,1,9,,1964,2013,,1130,654,1515,0.432,183,581,0.315,473,669,0.707,290,974,354,160,87,359,445
274,South Carolina State,27,15,12,0.556,-4.9,-8.19,,8,3,,7,2,,7,10,,2146,1900,,1090,744,1571,0.474,185,529,0.35,473,684,0.692,333,967,409,256,85,387,583
275,South Carolina Upstate,29,6,23,0.207,-14.53,-2.34,,2,12,,4,9,,2,13,,2198,2419,,1160,813,1762,0.461,200,644,0.311,372,547,0.68,268,991,393,210,64,403,575
276,South Dakota,29,17,12,0.586,-5.4,-3.44,,8,6,,13,2,,4,10,,2482,2418,,1160,839,1843,0.455,228,711,0.321,576,812,0.709,352,1035,350,224,102,282,533
277,South Dakota State,29,19,10,0.655,4.7,-0.65,,10,4,,13,1,,3,7,,2338,2120,,1160,843,1759,0.479,260,725,0.359,392,513,0.764,336,1162,412,140,79,354,468
278,South Florida,28,13,15,0.464,-1.66,-0.48,,6,9,,9,5,,2,8,,2111,2086,,1130,746,1657,0.45,205,634,0.323,414,571,0.725,283,967,415,225,100,321,473
279,Southeast Missouri State,29,19,10,0.655,-4.03,-7.53,,14,4,,12,3,,7,6,,2175,1943,,1170,807,1748,0.462,210,631,0.333,351,484,0.725,247,965,403,236,106,303,516
280,Southeastern Louisiana,29,18,11,0.621,-3.1,-4.55,,12,6,,8,4,,9,6,,2127,2016,,1165,754,1669,0.452,182,547,0.333,437,582,0.751,308,1042,350,202,70,347,515
281,Southern,27,18,9,0.667,-5.83,-6.62,,13,1,,10,0,,8,9,,2052,1856,,1086,731,1662,0.44,186,567,0.328,404,616,0.656,358,1013,364,264,109,339,506
282,Southern California,27,14,13,0.519,12.71,10.3,,6,10,,11,6,,3,5,,2071,2006,,1080,739,1529,0.483,187,513,0.365,406,555,0.732,226,847,414,165,80,317,491
283,Southern Illinois,30,13,17,0.433,-1.16,1.27,,8,11,,7,8,,5,6,,2189,2208,,1210,793,1724,0.46,203,575,0.353,400,584,0.685,312,1075,426,188,91,382,505
284,SIU Edwardsville,29,19,10,0.655,-6.37,-8.79,,12,6,,11,2,,7,8,,2115,1917,,1170,762,1759,0.433,224,655,0.342,367,548,0.67,342,1106,402,200,113,319,479
285,Southern Indiana,28,10,18,0.357,-13.14,-8.07,,5,13,,8,7,,2,11,,2012,2051,,1135,719,1669,0.431,197,567,0.347,377,518,0.728,296,1008,317,192,80,330,482
286,Southern Methodist,27,20,7,0.741,16.2,5.72,,11,5,,11,5,,6,2,,2219,1936,,1080,782,1627,0.481,224,589,0.38,431,589,0.732,357,1074,444,212,103,318,451
287,Southern Mississippi,29,10,19,0.345,-9.45,-2.96,,5,11,,9,4,,1,13,,2082,2208,,1170,747,1716,0.435,185,611,0.303,403,585,0.689,300,1087,420,202,126,410,486
288,Southern Utah,27,11,16,0.407,-8.51,-1.26,,3,10,,8,6,,2,10,,1918,1976,,1080,675,1562,0.432,165,513,0.322,403,548,0.735,309,1012,328,141,116,393,480
289,St. Bonaventure,28,19,9,0.679,4.92,0.03,,7,8,,11,3,,6,5,,1954,1800,,1125,709,1556,0.456,181,548,0.33,355,488,0.727,263,944,316,213,95,299,372
290,St. John's (NY),28,24,4,0.857,21.26,8.22,,15,2,,17,0,,6,2,,2204,1839,,1135,823,1837,0.448,173,572,0.302,385,559,0.689,411,1147,445,263,160,312,460
291,St. Thomas,29,20,9,0.69,1.11,-3.74,,10,4,,12,0,,7,8,,2436,2198,,1165,843,1694,0.498,305,774,0.394,445,569,0.782,208,909,450,203,95,280,524
292,Stanford,27,17,10,0.63,8.63,5.82,,9,7,,14,2,,3,6,,2005,1929,,1080,693,1601,0.433,219,659,0.332,400,510,0.784,301,937,375,188,92,286,469
293,Stephen F. Austin,29,14,15,0.483,-6.83,-3.87,,7,11,,8,6,,6,9,,1931,1929,,1175,708,1656,0.428,169,591,0.286,346,549,0.63,385,1096,360,248,122,459,487
294,Stetson,30,8,22,0.267,-16.19,-3.77,,6,11,,5,9,,3,10,,2149,2452,,1210,751,1695,0.443,217,641,0.339,430,584,0.736,259,997,348,155,94,390,436
295,Stonehill,29,14,15,0.483,-11.8,-8.65,,6,8,,10,3,,3,11,,1988,2010,,1160,688,1584,0.434,256,715,0.358,356,493,0.722,254,953,426,188,80,347,480
296,Stony Brook,29,6,23,0.207,-14.18,-3.6,,2,14,,3,9,,3,13,,1922,2170,,1160,664,1616,0.411,209,637,0.328,385,506,0.761,304,961,328,153,61,349,444
297,Syracuse,27,11,16,0.407,4.44,8.36,,5,11,,9,6,,2,7,,2017,2123,,1105,735,1637,0.449,179,548,0.327,368,522,0.705,306,1021,364,132,69,336,437
298,Tarleton State,28,11,17,0.393,-10.52,0.53,,6,7,,9,2,,1,13,,1793,1981,,1120,611,1411,0.433,120,362,0.331,451,607,0.743,267,843,298,279,97,503,546
299,TCU,28,15,13,0.536,11.21,12.04,,8,9,,13,2,,2,8,,1892,1915,,1125,684,1625,0.421,172,568,0.303,352,539,0.653,318,954,344,205,88,327,430
300,Temple,28,14,14,0.5,0.32,0.43,,6,9,,10,2,,2,9,,2229,2203,,1150,750,1670,0.449,192,530,0.362,537,724,0.742,315,1023,305,189,106,313,499
301,Tennessee,28,23,5,0.821,25.16,11.59,,10,5,,14,1,,6,4,,2081,1701,,1120,726,1606,0.452,238,691,0.344,391,524,0.746,337,1058,435,201,145,300,416
302,Tennessee State,29,14,15,0.483,-8.22,-8.03,,10,8,,10,3,,4,10,,2301,2168,,1190,814,1760,0.463,196,608,0.322,477,703,0.679,393,1199,397,210,112,457,565
303,Tennessee Tech,29,15,14,0.517,-10.01,-7.04,,10,8,,9,3,,5,10,,2098,2143,,1170,737,1697,0.434,276,786,0.351,348,499,0.697,250,1007,444,179,78,336,381
304,Tennessee-Martin,29,12,17,0.414,-11.02,-7.48,,8,10,,7,4,,5,12,,2182,2102,,1190,736,1761,0.418,273,847,0.322,437,622,0.703,390,1148,385,240,81,390,501
305,Texas,27,16,11,0.593,16.63,8.11,,5,9,,11,5,,3,5,,2115,1885,,1080,741,1586,0.467,203,565,0.359,428,571,0.75,278,962,361,176,120,263,478
306,Texas A&M,27,20,7,0.741,20.34,12.75,,9,5,,12,2,,4,4,,1986,1781,,1080,678,1609,0.421,187,611,0.306,443,643,0.689,427,1102,331,210,112,332,456
307,Texas A&M-Corpus Christi,30,17,13,0.567,-1.87,-2.41,,10,8,,13,2,,4,11,,2288,2061,,1200,857,1762,0.486,170,502,0.339,404,638,0.633,344,1088,446,239,108,361,539
308,Texas Southern,28,13,15,0.464,-9.76,-7.08,,10,5,,9,4,,4,11,,2039,2029,,1130,735,1735,0.424,201,604,0.333,368,504,0.73,321,1050,388,248,98,379,472
309,Texas State,30,15,15,0.5,-3.2,-3.16,,8,9,,9,4,,4,10,,2276,2189,,1220,807,1743,0.463,181,495,0.366,481,632,0.761,362,1105,438,209,120,372,554
310,Texas Tech,28,21,7,0.75,23.6,9.49,,12,5,,14,3,,6,2,,2260,1865,,1140,801,1685,0.475,271,721,0.376,387,504,0.768,327,1036,468,193,80,299,436
311,Texas-Rio Grande Valley,29,14,15,0.483,-5.89,-2.57,,6,12,,10,4,,2,11,,2213,2140,,1160,813,1839,0.442,301,932,0.323,286,411,0.696,344,1092,493,218,80,391,482
312,The Citadel,27,5,22,0.185,-16.82,-4.12,,0,16,,5,11,,0,11,,1827,2012,,1095,646,1517,0.426,210,698,0.301,325,521,0.624,284,932,339,161,58,337,437
313,Toledo,28,16,12,0.571,-5.87,-2.5,,9,6,,8,3,,6,8,,2166,2195,,1120,782,1716,0.456,169,500,0.338,433,588,0.736,308,976,373,147,79,264,430
314,Towson,29,19,10,0.655,-1.7,-3.09,,14,2,,10,1,,9,5,,1992,1898,,1175,722,1743,0.414,215,658,0.327,333,484,0.688,375,1067,306,190,98,275,462
315,Troy,29,19,10,0.655,2.87,-2.32,,12,5,,11,4,,8,6,,2120,1901,,1160,729,1656,0.44,227,756,0.3,435,615,0.707,410,1108,417,278,132,409,480
316,Tulane,27,15,12,0.556,1.25,-1.23,,9,5,,12,3,,3,6,,2007,1868,,1085,685,1542,0.444,208,625,0.333,429,564,0.761,259,957,392,193,127,294,467
317,Tulsa,28,11,17,0.393,-6.64,-2.22,,5,10,,8,7,,2,8,,1991,2059,,1140,703,1640,0.429,227,710,0.32,356,543,0.656,288,1025,384,173,76,327,428
318,UAB,27,18,9,0.667,4.16,-2.04,,11,3,,13,3,,4,4,,2256,2050,,1085,828,1782,0.465,181,528,0.343,419,550,0.762,406,1098,448,180,115,276,421
319,UC Davis,28,15,13,0.536,-4.98,-1.55,,9,8,,8,4,,7,9,,1913,1929,,1125,649,1560,0.416,176,546,0.322,439,594,0.739,291,940,310,225,102,378,506
320,UC Irvine,28,23,5,0.821,7.83,-0.39,,13,3,,9,2,,11,3,,2092,1840,,1135,711,1600,0.444,190,546,0.348,480,602,0.797,266,1089,444,190,95,368,437
321,UC Riverside,29,18,11,0.621,-0.08,1.14,,11,6,,13,1,,5,10,,2157,2139,,1180,769,1815,0.424,264,775,0.341,355,477,0.744,376,1092,382,157,69,329,523
322,UC San Diego,28,24,4,0.857,13.1,-1.6,,14,2,,11,2,,10,2,,2253,1737,,1120,775,1652,0.469,298,820,0.363,405,542,0.747,262,954,436,287,58,250,458
323,UC Santa Barbara,28,18,10,0.643,1.38,-4.16,,10,7,,11,4,,7,6,,2066,1856,,1120,728,1543,0.472,272,701,0.388,338,447,0.756,247,967,418,164,83,344,456
324,UCF,27,14,13,0.519,10.04,11.41,,5,11,,11,5,,2,6,,2130,2167,,1095,715,1694,0.422,229,684,0.335,471,606,0.777,329,970,380,209,115,328,462
325,UCLA,28,20,8,0.714,19.6,9.46,,11,6,,14,2,,4,4,,2093,1809,,1120,754,1617,0.466,204,575,0.355,381,543,0.702,296,911,444,233,82,296,491
326,UNC Asheville,28,20,8,0.714,-4.02,-3.98,,11,3,,13,0,,6,8,,2334,2137,,1135,831,1752,0.474,229,639,0.358,443,619,0.716,322,997,404,208,117,288,548
327,UNC Greensboro,29,19,10,0.655,0.14,-3.79,,12,4,,10,2,,8,6,,2104,1853,,1160,746,1686,0.442,274,731,0.375,338,456,0.741,319,1072,384,181,83,292,457
328,UNC Wilmington,29,22,7,0.759,1.5,-4.06,,12,4,,14,3,,8,4,,2309,2055,,1175,810,1726,0.469,217,634,0.342,472,644,0.733,378,1135,447,186,93,323,479
329,UT Arlington,27,13,14,0.481,-4.08,-2.92,,6,7,,9,3,,3,9,,2029,1997,,1095,697,1550,0.45,235,648,0.363,400,589,0.679,307,987,382,166,85,361,496
330,Utah,27,15,12,0.556,11.98,7.61,,7,9,,14,3,,1,7,,2029,1911,,1085,718,1582,0.454,229,689,0.332,364,578,0.63,327,1063,483,173,106,339,495
331,Utah State,28,24,4,0.857,15.99,4.92,,14,3,,14,2,,7,2,,2309,1946,,1120,811,1631,0.497,252,682,0.37,435,621,0.7,318,983,514,253,89,302,494
332,Utah Tech,27,6,21,0.222,-9.73,-0.93,,2,10,,5,5,,0,15,,1911,2066,,1085,678,1574,0.431,202,607,0.333,353,519,0.68,284,904,347,175,85,339,503
333,Utah Valley,27,20,7,0.741,1.11,-2.65,,12,1,,11,0,,8,6,,2046,1857,,1090,729,1567,0.465,171,497,0.344,417,611,0.682,295,1021,435,187,160,319,433
334,UTEP,27,17,10,0.63,0.82,0.57,,7,7,,11,3,,4,6,,1960,1868,,1080,682,1512,0.451,201,547,0.367,395,559,0.707,227,823,373,285,84,325,493
335,UTSA,27,10,17,0.37,-3.41,0.99,,4,11,,6,6,,3,11,,2076,2101,,1090,709,1686,0.421,267,750,0.356,391,481,0.813,293,872,340,261,90,305,490
336,Valparaiso,29,13,16,0.448,-3.8,-0.58,,6,12,,10,6,,3,9,,2205,2177,,1175,747,1736,0.43,220,667,0.33,491,619,0.793,298,1003,342,168,101,289,485
337,Vanderbilt,27,18,9,0.667,15.7,9.03,,6,8,,13,2,,2,6,,2148,1968,,1080,766,1678,0.456,220,675,0.326,396,535,0.74,315,943,381,247,107,272,454
338,Vermont,28,17,11,0.607,-7.5,-6.2,,10,3,,11,2,,5,8,,1864,1791,,1120,657,1529,0.43,218,658,0.331,332,459,0.723,250,941,338,173,116,311,389
339,Villanova,28,16,12,0.571,14.22,7.57,,9,8,,13,3,,2,7,,2086,1900,,1120,733,1572,0.466,275,682,0.403,345,424,0.814,271,953,363,166,64,279,444
340,Virginia,27,13,14,0.481,6.46,8.02,,6,10,,9,6,,3,6,,1742,1784,,1080,619,1389,0.446,225,604,0.373,279,369,0.756,187,809,409,143,97,271,402
341,Virginia Commonwealth,28,23,5,0.821,15.54,0.83,,13,2,,14,0,,6,3,,2189,1747,,1125,757,1682,0.45,277,808,0.343,398,540,0.737,367,1070,438,233,158,319,499
342,VMI,29,13,16,0.448,-10.9,-4.66,,7,9,,7,5,,5,10,,2137,2097,,1165,716,1700,0.421,268,813,0.33,437,578,0.756,298,1020,378,235,67,340,450
343,Virginia Tech,28,12,16,0.429,3.94,6.62,,7,10,,7,8,,5,4,,1933,2008,,1120,683,1555,0.439,226,629,0.359,341,475,0.718,293,945,362,147,51,367,471
344,Wagner,27,14,13,0.519,-15.22,-10.05,,6,8,,8,5,,6,8,,1724,1645,,1095,608,1476,0.412,194,553,0.351,314,441,0.712,305,946,348,191,42,319,461
345,Wake Forest,27,19,8,0.704,10.27,6.94,,11,5,,11,2,,6,5,,1909,1819,,1080,670,1486,0.451,155,532,0.291,414,551,0.751,235,893,316,196,107,309,450
346,Washington,28,13,15,0.464,7.51,10.51,,4,13,,9,7,,2,8,,2023,2089,,1125,720,1601,0.45,198,568,0.349,385,568,0.678,274,925,356,186,113,337,513
347,Washington State,29,16,13,0.552,5.19,5.36,,6,10,,9,4,,3,7,,2249,2254,,1165,809,1661,0.487,249,694,0.359,382,538,0.71,287,978,469,181,146,427,553
348,Weber State,29,10,19,0.345,-9.33,-2.22,,4,11,,5,9,,3,10,,2100,2084,,1165,747,1628,0.459,221,625,0.354,385,558,0.69,255,990,337,181,71,327,523
349,West Georgia,30,5,25,0.167,-15.28,-3.72,,3,14,,3,8,,2,15,,2067,2356,,1201,777,1784,0.436,164,540,0.304,349,505,0.691,282,978,403,211,87,345,480
350,West Virginia,28,17,11,0.607,16.44,11.94,,8,9,,12,4,,3,6,,1922,1796,,1140,687,1605,0.428,243,743,0.327,305,418,0.73,245,927,390,215,121,297,455
351,Western Carolina,27,8,19,0.296,-15.09,-1.42,,4,12,,7,6,,1,13,,1888,2133,,1095,650,1649,0.394,245,805,0.304,343,456,0.752,287,1044,323,148,81,392,454
352,Western Illinois,30,11,19,0.367,-15.65,-8.21,,5,14,,8,7,,3,11,,2048,2142,,1210,742,1699,0.437,238,639,0.372,326,472,0.691,308,1037,305,166,110,359,436
353,Western Kentucky,27,15,12,0.556,1.4,1.84,,6,8,,12,4,,3,8,,2070,2033,,1085,731,1702,0.429,231,678,0.341,377,514,0.733,250,1004,332,225,75,306,481
354,Western Michigan,28,10,18,0.357,-9.64,-3.57,,7,8,,6,8,,4,10,,2026,2150,,1120,747,1752,0.426,160,563,0.284,370,549,0.674,381,1071,349,193,67,317,506
355,Wichita State,27,17,10,0.63,3.45,1.91,,7,7,,11,4,,4,5,,2020,1965,,1090,732,1617,0.453,140,456,0.307,416,566,0.735,307,1044,334,187,115,312,399
356,William & Mary,29,17,12,0.586,-4.55,-3.77,,11,5,,12,1,,4,10,,2268,2187,,1160,770,1692,0.455,307,882,0.348,421,580,0.726,274,1006,486,204,49,360,518
357,Winthrop,29,19,10,0.655,-2.9,-3.75,,9,5,,15,2,,4,8,,2448,2275,,1175,829,1761,0.471,214,664,0.322,576,852,0.676,366,1127,354,229,99,380,575
358,Wisconsin,28,22,6,0.786,21.97,10.62,,12,5,,14,2,,5,4,,2293,1975,,1125,772,1643,0.47,284,784,0.362,465,558,0.833,257,1011,417,151,59,277,461
359,Wofford,29,15,14,0.517,-1.15,-2.22,,9,7,,7,5,,7,8,,2147,2019,,1170,776,1727,0.449,276,821,0.336,319,492,0.648,376,1121,443,176,76,330,487
360,Wright State,29,13,16,0.448,-4.33,-3.4,,7,11,,9,4,,3,10,,2225,2185,,1175,827,1702,0.486,236,622,0.379,335,478,0.701,275,1031,422,166,89,351,508
361,Wyoming,29,12,17,0.414,-0.09,4.88,,5,13,,8,6,,3,9,,1961,2077,,1165,709,1602,0.443,221,624,0.354,322,493,0.653,294,1007,344,122,81,374,552
362,Xavier,28,18,10,0.643,14.58,7.87,,10,7,,13,2,,4,7,,2160,1972,,1130,725,1578,0.459,228,596,0.383,482,610,0.79,228,943,465,220,77,327,440
363,Yale,24,18,6,0.75,8.44,-3.51,,11,0,,11,0,,5,5,,2008,1679,,960,737,1476,0.499,188,482,0.39,346,470,0.736,275,949,418,143,91,253,403
364,Youngstown State,30,19,11,0.633,-3.52,-5.27,,13,6,,9,5,,9,5,,2314,2148,,1210,792,1800,0.44,261,823,0.317,469,638,0.735,335,1099,413,210,162,370,553