Rk,School,G,Wâ–¼,L,W-L%,SRS,SOS,,W,L,,W,L,,W,L,,Tm.,Opp.,,Pace,ORtg,FTr,3PAr,TS%,TRB%,AST%,STL%,BLK%,eFG%,TOV%,ORB%,FT/FGA
1,Auburn,27,25,2,0.926,30.31,14.13,,13,1,,12,1,,7,1,,2277,1840,,69.1,122,0.324,0.407,0.584,53.8,55.4,10.3,17.1,0.554,11.2,35.7,0.24
2,Drake,28,25,3,0.893,9.2,0.47,,15,3,,13,2,,9,1,,1990,1656,,60.6,115.3,0.427,0.368,0.589,55.7,54.3,14.5,7.7,0.558,16.1,36.5,0.3
3,Duke,28,25,3,0.893,30.56,8.99,,16,1,,15,0,,9,1,,2312,1708,,66.3,124.6,0.316,0.453,0.612,55.9,59.7,10.5,9.9,0.58,12.4,34.7,0.247
4,High Point,30,25,5,0.833,5.42,-5.29,,13,2,,15,1,,7,3,,2465,2066,,67.1,121.9,0.385,0.392,0.603,54.1,45.9,9.1,7.9,0.565,13.1,35,0.297
5,Saint Mary's (CA),29,25,4,0.862,18.5,5.54,,15,1,,15,1,,8,1,,2169,1766,,64.1,115.6,0.306,0.341,0.544,57,57.9,10.2,10.7,0.517,12.4,39.7,0.212
6,Florida,28,24,4,0.857,26.29,9.79,,11,4,,13,1,,6,3,,2341,1879,,70.2,119.1,0.316,0.433,0.57,55.4,52.4,11.4,12.4,0.543,12.6,38,0.225
7,Houston,28,24,4,0.857,28.84,11.73,,16,1,,14,1,,9,0,,2097,1618,,62.1,118,0.273,0.343,0.559,54.2,47.1,12.3,16.6,0.531,12.3,37.3,0.201
8,St. John's (NY),28,24,4,0.857,21.26,8.22,,15,2,,17,0,,6,2,,2204,1839,,70.5,110.2,0.304,0.311,0.524,54,54.1,13.2,16.5,0.495,12.9,37.8,0.21
9,UC San Diego,28,24,4,0.857,13.1,-1.6,,14,2,,11,2,,10,2,,2253,1737,,67.7,118.8,0.328,0.496,0.59,50.3,56.3,15.1,6.9,0.559,11.6,27.4,0.245
10,Utah State,28,24,4,0.857,15.99,4.92,,14,3,,14,2,,7,2,,2309,1946,,68.3,120.8,0.381,0.418,0.599,52.6,63.4,13.2,10.2,0.574,13.6,34.5,0.267
11,Alabama,28,23,5,0.821,26.25,14.86,,12,3,,12,2,,8,2,,2563,2244,,75.9,120,0.41,0.474,0.599,54.5,54.8,7.9,10.4,0.568,14.7,36.2,0.296
12,McNeese State,29,23,6,0.793,8.96,-1.67,,17,1,,13,1,,8,2,,2240,1865,,66.5,116.2,0.338,0.372,0.573,53.3,51.5,13.8,11.2,0.546,14.3,36.4,0.239
13,Tennessee,28,23,5,0.821,25.16,11.59,,10,5,,14,1,,6,4,,2081,1701,,65.3,113.7,0.326,0.43,0.561,54.8,59.9,11,17.1,0.526,13.9,36.7,0.243
14,UC Irvine,28,23,5,0.821,7.83,-0.39,,13,3,,9,2,,11,3,,2092,1840,,70.1,105.2,0.376,0.341,0.555,52.9,62.4,9.6,8.7,0.504,16.3,28.3,0.3
15,Virginia Commonwealth,28,23,5,0.821,15.54,0.83,,13,2,,14,0,,6,3,,2189,1747,,67.3,115.6,0.321,0.48,0.565,53.6,57.9,12.3,15.9,0.532,14.1,36.5,0.237
16,Akron,28,22,6,0.786,3.07,-4.05,,14,1,,14,0,,7,4,,2343,2074,,73,114.1,0.245,0.467,0.576,53,60.3,10.2,9.9,0.552,14.6,32.5,0.183
17,Bradley,29,22,7,0.759,6.31,-0.15,,13,5,,12,3,,7,3,,2275,2028,,67.3,114.7,0.308,0.437,0.604,51.4,54.1,10,11.7,0.574,15.6,27.4,0.238
18,Clemson,27,22,5,0.815,18.84,7.84,,14,2,,13,2,,7,3,,2092,1795,,64.9,116.1,0.275,0.4,0.577,51.9,53.3,11.2,10.7,0.547,13.6,33.7,0.212
19,Gonzaga,30,22,8,0.733,23.73,6.23,,13,4,,13,2,,7,2,,2621,2096,,70.6,122.2,0.308,0.338,0.597,54.6,61.8,10.5,8.6,0.561,11.7,33.4,0.247
20,Liberty,27,22,5,0.815,7.77,-1.81,,10,4,,11,2,,7,2,,2047,1650,,67.2,112.3,0.283,0.484,0.592,49.6,60.6,10.4,7.1,0.579,13.8,21.5,0.184
21,Louisville,28,22,6,0.786,19.11,8.86,,15,2,,11,3,,9,2,,2227,1940,,69.3,114.2,0.34,0.494,0.568,53.3,52.9,9.6,8,0.533,13.9,32.9,0.254
22,Memphis,27,22,5,0.815,13.77,7.15,,12,2,,11,2,,9,2,,2149,1970,,70.7,111,0.393,0.35,0.575,50.5,52.5,10.7,12.1,0.543,16.6,33.1,0.279
23,Michigan State,27,22,5,0.815,21.72,9.98,,13,3,,13,1,,6,2,,2132,1815,,68.9,114,0.382,0.323,0.567,56.8,63.1,8,13.7,0.518,14.5,36.8,0.306
24,New Mexico,28,22,6,0.786,15.49,6.34,,14,3,,14,1,,6,4,,2305,2006,,73.7,110.7,0.373,0.328,0.55,53,52.4,12.1,14.5,0.519,13.6,32.2,0.257
25,Robert Morris,30,22,8,0.733,-0.77,-5.64,,14,5,,15,2,,7,6,,2280,2111,,69.1,108.1,0.385,0.358,0.547,53,58.8,9.4,12,0.507,16.1,34.9,0.279
26,San Francisco,29,22,7,0.759,11.03,2.75,,12,4,,16,1,,4,5,,2194,1946,,68.6,109.8,0.361,0.446,0.564,50.4,52.6,10.1,10.1,0.533,15.1,28.9,0.254
27,UNC Wilmington,29,22,7,0.759,1.5,-4.06,,12,4,,14,3,,8,4,,2309,2055,,67.4,116.5,0.373,0.367,0.568,55.2,55.2,9.4,9.5,0.532,13.7,37.4,0.273
28,Wisconsin,28,22,6,0.786,21.97,10.62,,12,5,,14,2,,5,4,,2293,1975,,68.7,118.7,0.34,0.477,0.601,52.5,54,7.8,5.7,0.556,12.7,28.4,0.283
29,Central Connecticut State,27,21,6,0.778,-3.19,-9.83,,12,2,,10,2,,11,3,,1968,1704,,66.8,109.1,0.259,0.352,0.565,52.9,53.3,11,12.2,0.54,14.7,27.7,0.189
30,Chattanooga,29,21,8,0.724,0.52,-3.74,,13,3,,13,3,,8,5,,2283,2101,,67.8,115.1,0.304,0.462,0.59,50,62.1,9.9,8.4,0.559,13.2,26.5,0.232
31,College of Charleston,29,21,8,0.724,-0.56,-2.59,,11,5,,11,2,,7,5,,2222,2142,,70.5,107.3,0.341,0.397,0.552,49.7,58.7,9.1,5.9,0.518,14.2,26.6,0.246
32,Furman,29,21,8,0.724,-1.36,-3.36,,9,7,,12,3,,8,5,,2215,2004,,67.4,112.4,0.329,0.506,0.564,51.8,64.9,9.5,9.2,0.539,14.2,31.7,0.226
33,George Mason,27,21,6,0.778,8.73,1.43,,12,2,,15,1,,6,5,,1919,1684,,65,106.5,0.412,0.369,0.553,54,51.6,10.6,9.5,0.517,16.6,32.4,0.288
34,Iowa State,28,21,7,0.75,22.3,9.45,,11,6,,14,1,,5,5,,2242,1882,,69.6,114,0.396,0.36,0.579,53.6,54,13.2,10.1,0.54,14.5,33.3,0.296
35,Lipscomb,30,21,9,0.7,5.22,-4.24,,13,4,,11,3,,10,6,,2378,2023,,68.4,115.9,0.295,0.462,0.589,51.4,54.8,10.3,7.3,0.556,12.3,25.9,0.23
36,Marquette,28,21,7,0.75,19.65,9.58,,12,5,,14,2,,6,5,,2159,1877,,67.9,113.1,0.263,0.466,0.547,49.2,51,13.9,11.7,0.519,11.4,31.2,0.193
37,Maryland,27,21,6,0.778,23.31,6.94,,11,5,,16,1,,3,5,,2259,1817,,70.7,117.9,0.321,0.356,0.585,53.8,49.9,10.5,11.9,0.555,12.9,32.4,0.239
38,Miami (OH),28,21,7,0.75,-0.95,-5.22,,12,3,,14,1,,5,6,,2284,2048,,70.8,114.7,0.285,0.44,0.597,50.3,55.1,11.7,10.6,0.574,15.1,28.7,0.208
39,Michigan,27,21,6,0.778,20.9,11.45,,13,3,,12,1,,7,2,,2151,1896,,70.6,111.8,0.355,0.435,0.587,53.6,58.5,8.1,10.4,0.558,17.6,33.7,0.257
40,Missouri,28,21,7,0.75,21.6,8.17,,10,5,,18,1,,3,5,,2361,1985,,69.8,120.8,0.473,0.419,0.603,51.4,50.6,14.3,8,0.568,13.2,33.2,0.342
41,North Alabama,30,21,9,0.7,1.33,-5.42,,13,4,,13,1,,7,8,,2384,2128,,67.8,116.2,0.305,0.359,0.552,52.5,43,11.1,9.5,0.522,11,34.3,0.219
42,Northern Colorado,29,21,8,0.724,1.06,-3.17,,13,3,,13,2,,7,6,,2368,2139,,69.1,116.6,0.328,0.391,0.607,52.9,55.3,8.9,6.7,0.583,13.7,26,0.236
43,Samford,29,21,8,0.724,2.67,-3.85,,11,5,,13,3,,8,5,,2394,2120,,71.8,113.9,0.268,0.468,0.569,50.8,56.7,13.8,12.3,0.546,15.4,35.5,0.191
44,Texas Tech,28,21,7,0.75,23.6,9.49,,12,5,,14,3,,6,2,,2260,1865,,66.6,119,0.299,0.428,0.587,53.9,58.4,10.2,7.8,0.556,13.4,35,0.23
45,Arkansas State,29,20,9,0.69,5.94,-2.1,,11,5,,13,2,,6,5,,2283,2015,,70.6,110.6,0.325,0.45,0.533,51.4,51.1,10.7,11.3,0.499,12.8,33.1,0.234
46,Cal State Northridge,27,20,7,0.741,2.57,-4.23,,12,4,,8,2,,10,5,,2173,1920,,72.9,109.9,0.35,0.316,0.556,56.5,57.6,11.1,11.3,0.523,16.1,36.3,0.251
47,Grand Canyon,26,20,6,0.769,5.67,-2.57,,10,2,,14,1,,4,3,,2031,1777,,73.2,106.7,0.443,0.348,0.552,53.1,52.5,13,12.9,0.505,16,32.4,0.325
48,James Madison,30,20,10,0.667,-0.43,-2.47,,13,4,,13,2,,5,7,,2212,2075,,66.2,111.4,0.303,0.443,0.556,51.7,46.2,9.2,8.8,0.522,13.9,31.8,0.228
49,Marist,25,20,5,0.8,-6.55,-10.51,,13,3,,11,2,,9,3,,1710,1611,,64.4,104.6,0.239,0.374,0.541,52.9,55.6,8.9,9.3,0.519,15.8,29.8,0.166
50,Montana,28,20,8,0.714,-1.81,-0.61,,13,2,,14,1,,6,7,,2152,2072,,68.3,112.5,0.322,0.373,0.593,48.8,49.7,9.5,8.8,0.567,14.3,24.4,0.234
51,Norfolk State,28,20,8,0.714,-2.39,-6.55,,10,1,,11,1,,7,7,,2170,1904,,68.4,112.8,0.389,0.3,0.577,52.2,49.9,10.4,9.2,0.536,15.5,32.6,0.295
52,North Dakota State,30,20,10,0.667,1.91,-3.02,,9,6,,10,4,,8,6,,2429,2223,,65.9,120.8,0.327,0.535,0.616,51.1,55.4,5.2,4.9,0.586,13.5,27.9,0.253
53,North Texas,26,20,6,0.769,8.99,0.91,,11,3,,13,1,,6,4,,1771,1528,,61.2,111.3,0.368,0.371,0.561,54.3,44.8,12.8,7.7,0.518,14.9,34.1,0.281
54,Oregon,28,20,8,0.714,16.92,12.13,,9,8,,10,4,,6,4,,2144,2010,,68.8,110.3,0.338,0.386,0.561,51.2,54.5,10.2,10,0.522,13.9,30.5,0.258
55,Oregon State,29,20,9,0.69,9.59,1.7,,10,6,,15,2,,3,6,,2232,1975,,65.3,116.3,0.375,0.355,0.594,53.9,55.3,10.3,9.8,0.55,14.8,32.8,0.298
56,Southern Methodist,27,20,7,0.741,16.2,5.72,,11,5,,11,5,,6,2,,2219,1936,,69.6,118.1,0.362,0.362,0.582,54.6,56.8,11.3,10.8,0.549,14.3,38.1,0.265
57,St. Thomas,29,20,9,0.69,1.11,-3.74,,10,4,,12,0,,7,8,,2436,2198,,70,119.5,0.336,0.457,0.62,47.3,53.4,10,9.9,0.588,12.5,22.7,0.263
58,Texas A&M,27,20,7,0.741,20.34,12.75,,9,5,,12,2,,4,4,,1986,1781,,67.4,109.1,0.4,0.38,0.519,56.4,48.8,11.5,14.7,0.479,14.8,41.8,0.275
59,UCLA,28,20,8,0.714,19.6,9.46,,11,6,,14,2,,4,4,,2093,1809,,66.8,111.9,0.336,0.356,0.558,50.7,58.9,12.5,10.3,0.529,13.6,32.1,0.236
60,UNC Asheville,28,20,8,0.714,-4.02,-3.98,,11,3,,13,0,,6,8,,2334,2137,,70.9,116,0.353,0.365,0.57,49.5,48.6,10.3,11.6,0.54,12.3,31.8,0.253
61,Utah Valley,27,20,7,0.741,1.11,-2.65,,12,1,,11,0,,8,6,,2046,1857,,69,108.8,0.39,0.317,0.551,52.9,59.7,9.9,15.2,0.52,14.7,31.3,0.266
62,Belmont,29,19,10,0.655,1.26,-0.2,,11,7,,10,5,,8,4,,2348,2284,,70.8,113.9,0.267,0.45,0.579,48.7,59.7,9.7,8.9,0.556,13.5,27.3,0.191
63,Boise State,27,19,8,0.704,14.39,5.55,,11,5,,12,1,,4,5,,2055,1790,,66.6,113.8,0.391,0.401,0.58,56.1,57.2,8.1,7,0.536,14.8,32.9,0.301
64,Brigham Young,27,19,8,0.704,19.22,7.96,,10,6,,13,2,,4,5,,2181,1877,,67.6,117.9,0.29,0.482,0.593,54.5,59.5,10.7,10,0.574,14.8,33.7,0.202
65,Cleveland State,29,19,10,0.655,-1.86,-4.05,,13,5,,12,4,,7,6,,2137,1920,,67.4,108.9,0.307,0.332,0.536,50.6,51.9,12.9,14.7,0.503,14.3,35.3,0.221
66,Colorado State,28,19,9,0.679,11.33,4.86,,13,4,,12,2,,6,4,,2080,1899,,66.8,109.7,0.304,0.432,0.579,52.7,63.6,7.5,8.3,0.543,15.7,27,0.236
67,Creighton,27,19,8,0.704,17.34,10.75,,12,4,,13,2,,5,4,,2034,1856,,68.7,109.6,0.298,0.498,0.583,52,63.4,5.3,11.5,0.554,16.2,25.8,0.223
68,Jacksonville State,28,19,9,0.679,1.95,0.11,,11,4,,12,1,,6,6,,2100,1919,,66.5,112.8,0.312,0.374,0.558,54,44.2,7.2,10.5,0.52,13,31.9,0.24
69,Kansas,28,19,9,0.679,20.88,12.31,,10,7,,13,2,,4,7,,2125,1885,,69.2,108.7,0.238,0.341,0.553,52.5,61.2,9.3,13.6,0.532,14.4,29.9,0.167
70,Kent State,28,19,9,0.679,2.16,-2.72,,9,6,,10,4,,7,4,,2071,1895,,67.5,109,0.293,0.387,0.537,53.4,49.3,11.3,10.8,0.5,14.5,35.9,0.223
71,Milwaukee,29,19,10,0.655,0.4,-3.49,,12,6,,11,2,,7,8,,2286,2090,,69.9,111.9,0.382,0.312,0.549,57.5,48.7,10.4,9.6,0.516,15.9,41.6,0.264
72,Mississippi,27,19,8,0.704,18.54,10.17,,8,6,,11,3,,5,4,,2095,1869,,69.3,110.9,0.349,0.413,0.553,47,56.5,12.9,14.2,0.516,11.2,25.1,0.256
73,Mississippi State,28,19,9,0.679,17.5,11.72,,7,8,,9,4,,6,4,,2213,2051,,69.5,112.7,0.314,0.42,0.544,52.3,54.1,13.4,14.5,0.516,13,34.9,0.218
74,Northern Iowa,29,19,10,0.655,5.77,0.09,,13,5,,13,3,,5,4,,2162,1961,,65.9,112.7,0.365,0.357,0.585,51.2,51.8,9.1,9.3,0.558,14.1,26.2,0.256
75,Purdue,28,19,9,0.679,21,13.65,,11,6,,12,2,,5,5,,2170,1964,,66.8,115.9,0.36,0.377,0.593,51.3,59.3,10.2,5.5,0.564,14.1,30.4,0.262
76,Purdue Fort Wayne,29,19,10,0.655,0.04,-4.15,,12,6,,12,1,,6,8,,2385,2169,,70.3,115.4,0.284,0.457,0.589,45.3,47.9,12.4,8.1,0.561,11.7,22.9,0.215
77,San Diego State,26,19,7,0.731,14.72,8.28,,12,5,,11,3,,5,3,,1855,1643,,66.5,106.3,0.303,0.392,0.535,50.9,50.1,11.5,19,0.508,14.4,31.3,0.206
78,Santa Clara,30,19,11,0.633,13.66,5.62,,11,6,,11,4,,5,5,,2428,2187,,69.8,114.6,0.29,0.464,0.581,53.4,58.3,9.2,8.6,0.555,14.9,33,0.211
79,South Alabama,29,19,10,0.655,1.55,-3.75,,11,5,,12,4,,7,6,,2110,1868,,64.3,110.4,0.322,0.469,0.549,49,58.2,14.1,11.5,0.521,12.3,28.1,0.224
80,South Dakota State,29,19,10,0.655,4.7,-0.65,,10,4,,13,1,,3,7,,2338,2120,,69.6,115.9,0.292,0.412,0.584,56.6,48.9,6.9,8.4,0.553,15,34.2,0.223
81,Southeast Missouri State,29,19,10,0.655,-4.03,-7.53,,14,4,,12,3,,7,6,,2175,1943,,69.8,106.6,0.277,0.361,0.55,49.9,49.9,11.6,9.9,0.522,13.3,25.7,0.201
82,SIU Edwardsville,29,19,10,0.655,-6.37,-8.79,,12,6,,11,2,,7,8,,2115,1917,,68.1,106.2,0.312,0.372,0.524,51.4,52.8,10,11.3,0.497,13.6,31.5,0.209
83,St. Bonaventure,28,19,9,0.679,4.92,0.03,,7,8,,11,3,,6,5,,1954,1800,,64.9,107.1,0.314,0.352,0.546,51.7,44.6,11.7,11.9,0.514,14.3,28.8,0.228
84,Towson,29,19,10,0.655,-1.7,-3.09,,14,2,,10,1,,9,5,,1992,1898,,64,105.9,0.278,0.378,0.505,52.2,42.4,10.1,10,0.476,12.2,34.7,0.191
85,Troy,29,19,10,0.655,2.87,-2.32,,12,5,,11,4,,8,6,,2120,1901,,67.2,108.7,0.371,0.457,0.544,54.3,57.2,14.3,12.7,0.509,17.4,40.4,0.263
86,UNC Greensboro,29,19,10,0.655,0.14,-3.79,,12,4,,10,2,,8,6,,2104,1853,,65,111.6,0.27,0.434,0.553,52.1,51.5,9.6,8.7,0.524,13.3,32.1,0.2
87,Wake Forest,27,19,8,0.704,10.27,6.94,,11,5,,11,2,,6,5,,1909,1819,,67.8,104.3,0.371,0.358,0.546,48.5,47.2,10.7,12.8,0.503,15,26.8,0.279
88,Winthrop,29,19,10,0.655,-2.9,-3.75,,9,5,,15,2,,4,8,,2448,2275,,74.2,112.4,0.484,0.377,0.565,51.6,42.7,10.5,8.9,0.532,14.9,33.6,0.327
89,Youngstown State,30,19,11,0.633,-3.52,-5.27,,13,6,,9,5,,9,5,,2314,2148,,70.9,108,0.354,0.457,0.55,50.5,52.1,9.8,13.4,0.513,15,31,0.261
90,American,29,18,11,0.621,-7.75,-5.94,,12,4,,11,1,,4,10,,1990,1977,,64.4,104.7,0.313,0.447,0.552,48.5,52.5,9.7,5.6,0.515,15.2,25.1,0.239
91,Arizona,27,18,9,0.667,23.66,12.51,,12,4,,11,3,,6,3,,2202,1901,,70.4,114.8,0.354,0.348,0.569,55.6,59.3,11.5,11.9,0.528,14.4,36.7,0.274
92,Connecticut,27,18,9,0.667,16.84,8.03,,10,6,,11,2,,6,4,,2098,1860,,65.2,117,0.317,0.434,0.587,53.8,65.8,8.3,18.1,0.552,14.7,34.5,0.247
93,Dayton,27,18,9,0.667,9.14,4.56,,8,6,,14,2,,3,4,,2025,1885,,66,113.1,0.394,0.398,0.573,50.9,59.9,10.9,10.2,0.535,13.6,30,0.292
94,George Washington,28,18,10,0.643,3.71,-1.69,,7,8,,12,4,,4,5,,2068,1882,,67.6,107.8,0.393,0.418,0.547,50.6,55.5,13.5,8.9,0.51,15.6,32.7,0.276
95,Illinois,29,18,11,0.621,21.58,11.69,,10,8,,12,4,,4,5,,2414,2127,,72.4,114,0.347,0.47,0.559,55.6,50.8,6.3,9.3,0.52,13.5,35.6,0.262
96,Kentucky,27,18,9,0.667,22.46,13.24,,7,7,,14,2,,2,6,,2313,2064,,72,118.4,0.337,0.424,0.593,52.3,57.2,9,12,0.564,12.9,29.4,0.248
97,Lamar,29,18,11,0.621,-3.05,-3.44,,13,5,,9,3,,9,6,,2063,1931,,67.2,105.5,0.282,0.326,0.521,52,59.9,11.2,13.4,0.495,15.5,35.8,0.193
98,Little Rock,29,18,11,0.621,-5.32,-7.47,,12,6,,9,5,,9,5,,2021,1920,,68.2,101.3,0.277,0.306,0.534,48.3,53.2,13,16,0.507,17.3,29.3,0.196
99,Louisiana Tech,28,18,10,0.643,1.34,-0.06,,7,8,,10,3,,4,7,,2068,1920,,67,109.2,0.332,0.417,0.573,53.1,59.7,9.6,11.8,0.538,16.6,30.5,0.251
100,Loyola (IL),27,18,9,0.667,2.96,-0.34,,9,5,,14,1,,4,4,,1999,1861,,67.8,107.7,0.339,0.415,0.558,51.3,60.9,9.5,13,0.535,15.7,29.9,0.227
101,Marshall,30,18,12,0.6,-2.52,-4.38,,11,6,,13,3,,5,9,,2271,2156,,69.4,108.6,0.347,0.409,0.543,51.4,54,9.8,13.4,0.512,14.6,32.5,0.239
102,Middle Tennessee,27,18,9,0.667,2.86,1.62,,9,5,,10,3,,6,5,,2054,1929,,69.5,109,0.331,0.374,0.543,51.5,45.3,9.5,11.9,0.517,13.7,31.6,0.224
103,Nicholls State,29,18,11,0.621,-2.14,-2.03,,12,6,,11,4,,7,7,,2167,2033,,69.2,107.6,0.328,0.361,0.524,50,42,11.3,10.9,0.494,12.6,31.3,0.225
104,North Carolina,29,18,11,0.621,15.95,11.12,,11,6,,11,2,,5,6,,2361,2221,,71.3,113.2,0.354,0.363,0.573,52,50.1,8.2,9.9,0.538,13.2,29.5,0.261
105,Omaha,30,18,12,0.6,-2.86,-2.5,,12,3,,10,2,,7,9,,2319,2283,,69.1,111.9,0.369,0.389,0.568,51.5,49.3,8.4,7.5,0.533,14.1,29,0.268
106,Queens (NC),30,18,12,0.6,-5.04,-4.97,,11,6,,9,5,,8,7,,2312,2225,,70.5,108.4,0.35,0.459,0.555,51.5,60.8,9.4,14,0.527,15.6,31.2,0.241
107,Southeastern Louisiana,29,18,11,0.621,-3.1,-4.55,,12,6,,8,4,,9,6,,2127,2016,,68,107.4,0.349,0.328,0.547,52,46.4,10.2,7.7,0.506,15.1,31.3,0.262
108,Southern,27,18,9,0.667,-5.83,-6.62,,13,1,,10,0,,8,9,,2052,1856,,71.3,106.1,0.371,0.341,0.525,53.9,49.8,13.7,12.4,0.496,14.8,36.6,0.243
109,UAB,27,18,9,0.667,4.16,-2.04,,11,3,,13,3,,4,4,,2256,2050,,70.4,118.1,0.309,0.296,0.552,55,54.1,9.4,10.6,0.515,11.9,39.8,0.235
110,UC Riverside,29,18,11,0.621,-0.08,1.14,,11,6,,13,1,,5,10,,2157,2139,,67.7,108,0.263,0.427,0.528,52.2,49.7,7.9,6.6,0.496,13.9,34.2,0.196
111,UC Santa Barbara,28,18,10,0.643,1.38,-4.16,,10,7,,11,4,,7,6,,2066,1856,,66.2,111.5,0.29,0.454,0.588,51.7,57.4,8.9,8.4,0.56,16.4,28.1,0.219
112,Vanderbilt,27,18,9,0.667,15.7,9.03,,6,8,,13,2,,2,6,,2148,1968,,69.9,113.8,0.319,0.402,0.556,50.6,49.7,13.1,11.5,0.522,12.3,32.1,0.236
113,Xavier,28,18,10,0.643,14.58,7.87,,10,7,,13,2,,4,7,,2160,1972,,69.5,110.1,0.387,0.378,0.578,50.7,64.1,11.2,7.3,0.532,14.9,25.6,0.305
114,Yale,24,18,6,0.75,8.44,-3.51,,11,0,,11,0,,5,5,,2008,1679,,69.6,120.2,0.318,0.327,0.591,56,56.7,8.6,12.2,0.563,13,34.7,0.234
115,Appalachian State,29,17,12,0.586,-1.07,-3.26,,10,7,,10,4,,5,7,,1989,1834,,64.8,105.4,0.349,0.411,0.537,51.1,53.1,8.6,10.1,0.513,14.4,27.8,0.227
116,Bryant,28,17,11,0.607,-2.84,-6.73,,11,2,,8,3,,8,7,,2296,2094,,73.4,111.2,0.298,0.36,0.547,52.6,48.9,9.1,14.3,0.519,13.6,34.3,0.211
117,Cincinnati,28,17,11,0.607,15.3,8.69,,7,10,,12,4,,4,7,,2005,1820,,65.8,108.9,0.244,0.381,0.538,51.1,51,10.7,11.8,0.519,12.9,32.6,0.162
118,East Tennessee State,29,17,12,0.586,0.14,-4.3,,10,6,,12,3,,5,9,,2101,1932,,66.4,109.1,0.324,0.416,0.53,53,50.1,11.8,11.2,0.504,13.9,36.2,0.215
119,Eastern Kentucky,30,17,13,0.567,-2.79,-3.64,,11,6,,10,3,,6,8,,2338,2249,,69,111,0.27,0.434,0.529,50,47.7,12.3,9.7,0.496,12,34,0.201
120,Elon,29,17,12,0.586,-1.9,-3.71,,8,8,,10,4,,6,7,,2139,1991,,66.5,110.5,0.392,0.422,0.55,55.2,48.8,8.2,11.8,0.507,15.8,38.3,0.29
121,Florida Gulf Coast,30,17,13,0.567,-1.75,-3.75,,12,5,,10,4,,7,9,,2176,2101,,65.7,110.4,0.236,0.386,0.559,52,51.3,8.5,7.6,0.54,13.9,29.6,0.164
122,Georgia,28,17,11,0.607,16.8,10.73,,5,10,,14,3,,1,7,,2108,1938,,68.8,109.4,0.393,0.365,0.559,52.6,49.6,11.4,14.9,0.523,16.4,36.3,0.282
123,Illinois State,30,17,13,0.567,2.04,0.28,,9,10,,11,4,,5,7,,2297,2191,,65.9,115.8,0.308,0.478,0.606,51,54,8.3,4.9,0.579,14,25.2,0.23
124,Jacksonville,29,17,12,0.586,-2.96,-2.89,,11,6,,9,3,,7,8,,2088,2056,,69,103.9,0.281,0.341,0.526,52,51.4,11.5,13.2,0.501,16.4,35.2,0.19
125,Longwood,29,17,12,0.586,-3.2,-4.36,,6,8,,12,3,,4,7,,2283,2132,,70.3,112,0.459,0.337,0.567,51.9,50.3,10.6,6.4,0.524,14.8,32.8,0.333
126,Mount St. Mary's,27,17,10,0.63,-8.29,-6.87,,10,6,,8,4,,9,6,,1931,1932,,68.6,102.4,0.339,0.403,0.546,52.6,60.5,9.4,8.5,0.51,18.8,32.1,0.248
127,Nebraska,28,17,11,0.607,13.95,10.48,,7,10,,10,4,,5,6,,2090,1993,,69.1,107,0.36,0.388,0.558,49.5,53.6,10.4,9.6,0.517,14.9,26.3,0.272
128,Oklahoma,27,17,10,0.63,14.2,9.94,,4,10,,11,4,,1,6,,2099,1984,,69.8,111.4,0.395,0.421,0.588,48.7,52.5,11.6,7.6,0.543,15.8,27.5,0.311
129,Princeton,26,17,9,0.654,-2.41,-2.2,,6,5,,8,4,,6,3,,1914,1862,,68.7,107.2,0.249,0.477,0.54,50.5,56.4,10.9,6.2,0.515,13.4,28.5,0.177
130,Quinnipiac,27,17,10,0.63,-4.7,-6.85,,13,3,,10,2,,7,8,,2003,1923,,71.9,102.8,0.307,0.379,0.522,54.3,52.2,12.2,13.1,0.482,15.5,33.7,0.233
131,Radford,29,17,12,0.586,-2.83,-2.71,,7,7,,9,3,,6,9,,2155,2053,,65.6,112.8,0.399,0.371,0.564,53.6,46.8,8.8,9.8,0.521,14.9,35,0.3
132,Rhode Island,26,17,9,0.654,3.02,-0.38,,6,8,,13,2,,1,7,,2023,1906,,71,108,0.441,0.373,0.565,51.5,53.6,8.2,9,0.529,15.8,28.6,0.308
133,Saint Joseph's,27,17,10,0.63,8.43,1.24,,8,6,,11,4,,3,5,,2020,1826,,68.4,108.8,0.304,0.461,0.559,52,57.6,9.4,13.9,0.526,14.9,29.3,0.229
134,South Dakota,29,17,12,0.586,-5.4,-3.44,,8,6,,13,2,,4,10,,2482,2418,,74.4,115.1,0.441,0.386,0.557,47.5,41.7,10.4,9.1,0.517,11.2,31.6,0.313
135,Stanford,27,17,10,0.63,8.63,5.82,,9,7,,14,2,,3,6,,2005,1929,,67.8,109.5,0.319,0.412,0.544,51.4,54.1,10.3,9.3,0.501,13.4,31.6,0.25
136,Texas A&M-Corpus Christi,30,17,13,0.567,-1.87,-2.41,,10,8,,13,2,,4,11,,2288,2061,,69.3,110.1,0.362,0.285,0.554,52.5,52,11.5,10.5,0.535,14.9,33.8,0.229
137,UTEP,27,17,10,0.63,0.82,0.57,,7,7,,11,3,,4,6,,1960,1868,,69.4,104.6,0.37,0.362,0.551,45.8,54.7,15.2,9.8,0.518,15.5,24.9,0.261
138,Vermont,28,17,11,0.607,-7.5,-6.2,,10,3,,11,2,,5,8,,1864,1791,,64.7,103,0.3,0.43,0.533,50.1,51.4,9.6,12.3,0.501,15.1,26.7,0.217
139,West Virginia,28,17,11,0.607,16.44,11.94,,8,9,,12,4,,3,6,,1922,1796,,65.1,103.6,0.26,0.463,0.533,47.7,56.8,11.6,12.1,0.504,14.1,25.5,0.19
140,Wichita State,27,17,10,0.63,3.45,1.91,,7,7,,11,4,,4,5,,2020,1965,,69.4,106.7,0.35,0.282,0.536,52.6,45.6,9.9,11.6,0.496,14.2,32.1,0.257
141,William & Mary,29,17,12,0.586,-4.55,-3.77,,11,5,,12,1,,4,10,,2268,2187,,71,110.1,0.343,0.521,0.576,49.4,63.1,9.9,4.9,0.546,15.5,27.3,0.249
142,Arkansas,27,16,11,0.593,17.35,10.72,,5,9,,12,4,,3,5,,2054,1875,,70.2,108.4,0.334,0.366,0.561,50.2,53.2,11.2,16,0.529,14.4,27.3,0.243
143,Army,29,16,13,0.552,-10.85,-7.14,,10,7,,12,3,,4,10,,2146,2154,,67.4,107,0.251,0.424,0.537,49.2,52.8,9.5,6.6,0.516,13,27.9,0.172
144,Baylor,28,16,12,0.571,19.42,13.27,,8,9,,12,2,,2,9,,2186,1966,,66.6,114.6,0.304,0.399,0.56,52.5,54.5,11.3,9.1,0.526,13.9,35.9,0.229
145,Davidson,28,16,12,0.571,2.76,0.58,,6,9,,11,5,,4,5,,2060,1960,,66.5,110.6,0.297,0.413,0.56,50.2,57.5,8.7,6.8,0.529,12.6,25.7,0.22
146,East Carolina,28,16,12,0.571,0.67,-0.6,,8,7,,10,6,,4,5,,2151,2054,,68,110.5,0.37,0.349,0.534,52.4,48.9,11.1,11.9,0.495,13.3,36,0.265
147,Florida State,28,16,12,0.571,9.34,5.8,,7,10,,10,5,,2,7,,2123,2024,,70.7,106.8,0.403,0.339,0.552,49.7,50.9,11.2,14.4,0.514,15.3,29.8,0.288
148,Georgetown,27,16,11,0.593,9.46,4.72,,7,9,,13,4,,3,7,,1934,1806,,68.6,104.5,0.252,0.363,0.53,51.7,54.1,12.1,12,0.504,15.4,32.8,0.179
149,Hampton,29,16,13,0.552,-4.52,-3.63,,8,8,,10,4,,4,7,,2132,2037,,67.4,108.6,0.305,0.373,0.527,52.8,47.7,11.4,9.1,0.492,13.7,35.3,0.221
150,Illinois-Chicago,28,16,12,0.571,0.98,0.98,,9,9,,8,5,,7,5,,2178,2072,,69.3,110.3,0.349,0.395,0.565,52.2,57.1,9.7,8,0.532,14.9,31.1,0.252
151,Indiana,27,16,11,0.593,14.47,11.54,,7,9,,12,4,,3,5,,2039,1960,,69.3,108.5,0.338,0.333,0.548,52,56.7,8.5,9.1,0.515,14.6,31.7,0.243
152,Kennesaw State,28,16,12,0.571,0.97,1.17,,8,7,,12,3,,3,7,,2147,2033,,72.1,105.4,0.363,0.459,0.533,54.5,50.1,9.3,11.4,0.496,16.2,35.4,0.257
153,Loyola Marymount,29,16,13,0.552,1,3.14,,8,9,,11,5,,3,8,,2047,2064,,68.6,102.9,0.279,0.407,0.532,47.2,50.7,8.2,10.2,0.503,13.6,23.3,0.2
154,Maine,28,16,12,0.571,-5.72,-7.84,,8,5,,8,2,,6,10,,2005,1847,,67.1,106.2,0.272,0.341,0.558,46.9,57.2,13.6,9.6,0.528,14.4,23.9,0.204
155,Massachusetts-Lowell,28,16,12,0.571,-7.71,-7.03,,5,8,,13,3,,3,9,,2252,2096,,70.6,112.9,0.364,0.346,0.591,51.5,53.1,8.1,10.5,0.553,15.3,27.8,0.282
156,Nevada,28,16,12,0.571,11.18,5.22,,8,9,,11,5,,3,6,,2058,1891,,64.8,112.5,0.379,0.37,0.581,51.4,59.9,10,11.9,0.554,14.3,28.5,0.263
157,Northern Arizona,29,16,13,0.552,-6.16,-5.6,,7,9,,10,4,,6,8,,2217,2061,,68.1,112.2,0.296,0.383,0.541,54.6,54.8,9,4.8,0.519,12.4,33.7,0.197
158,Pittsburgh,28,16,12,0.571,14.38,8.85,,7,10,,12,4,,3,7,,2150,1995,,66.9,113.8,0.346,0.408,0.57,49.4,51,10.7,13.2,0.528,12.7,28.8,0.271
159,Portland State,28,16,12,0.571,-4.09,-4.57,,8,7,,10,1,,5,10,,2141,1963,,70.4,108.6,0.321,0.311,0.551,52.4,50.9,12.2,14.2,0.533,15.7,34.4,0.203
160,Saint Louis,28,16,12,0.571,3.64,2.4,,9,6,,12,3,,4,7,,2047,1943,,68.5,106.2,0.305,0.496,0.574,50.6,57.6,9.1,8.5,0.554,16.8,24.4,0.207
161,Texas,27,16,11,0.593,16.63,8.11,,5,9,,11,5,,3,5,,2115,1885,,68.4,114.5,0.36,0.356,0.569,51,48.7,9.5,12.1,0.531,12.4,30.3,0.27
162,Toledo,28,16,12,0.571,-5.87,-2.5,,9,6,,8,3,,6,8,,2166,2195,,69.5,111.3,0.343,0.291,0.543,49.5,47.7,7.6,7.4,0.505,11.7,30.3,0.252
163,Villanova,28,16,12,0.571,14.22,7.57,,9,8,,13,3,,2,7,,2086,1900,,63.7,116.9,0.27,0.434,0.588,52.5,49.5,9.3,7.8,0.554,13.6,31.3,0.219
164,Washington State,29,16,13,0.552,5.19,5.36,,6,10,,9,4,,3,7,,2249,2254,,70.9,108.9,0.324,0.418,0.587,50.3,58,8.8,13.4,0.562,18.2,31.4,0.23
165,Binghamton,29,15,14,0.517,-11.9,-8.25,,7,7,,9,3,,5,10,,2042,2064,,66.9,103.9,0.334,0.366,0.56,52.5,53.1,6.9,8.1,0.533,17.8,27.7,0.23
166,Bucknell,29,15,14,0.517,-4.63,-5.15,,11,5,,11,3,,4,10,,2126,2111,,67.6,103.6,0.364,0.42,0.557,49.4,52.4,9.5,9,0.533,17,25.6,0.24
167,Campbell,29,15,14,0.517,-3.14,-4.81,,10,6,,8,5,,7,9,,2059,1924,,66.4,106.4,0.312,0.417,0.549,48.6,54.9,10.4,8.9,0.51,13.9,25.1,0.242
168,Drexel,29,15,14,0.517,-3.76,-5.23,,7,9,,6,6,,7,7,,2031,1938,,64.5,106.3,0.236,0.376,0.543,53.2,49.2,7.7,11.9,0.523,16.3,33.3,0.162
169,Florida Atlantic,27,15,12,0.556,4.35,2.35,,8,6,,7,4,,5,6,,2167,2065,,70.8,111.9,0.321,0.41,0.563,50,57,9.8,10.2,0.538,13.8,30.6,0.223
170,Georgia Southern,30,15,15,0.5,-7.29,-4.81,,7,10,,10,3,,4,11,,2224,2286,,70.1,103.9,0.27,0.444,0.525,49.4,50.3,11,10.9,0.503,16.2,32.8,0.179
171,Incarnate Word,29,15,14,0.517,-5.97,-5.13,,8,10,,11,5,,3,9,,2134,1992,,65.5,112.3,0.266,0.366,0.56,53,45.2,10.2,10.6,0.54,14.9,35.3,0.18
172,Iowa,28,15,13,0.536,12.61,9.04,,6,11,,12,5,,1,7,,2327,2227,,72,114.9,0.268,0.411,0.587,46.5,59.6,9.6,11.2,0.568,12.6,25.3,0.189
173,Merrimack,28,15,13,0.536,-4.58,-5.19,,12,5,,7,4,,8,8,,1819,1802,,64.8,99.9,0.254,0.427,0.519,41.6,49.5,13.8,10.6,0.489,13,21.2,0.183
174,Murray State,30,15,15,0.5,0.96,0.61,,9,10,,7,5,,6,7,,2175,2089,,65.8,107.5,0.421,0.398,0.549,50.9,47.8,9.9,8.3,0.507,14.7,29.2,0.303
175,Nevada-Las Vegas,28,15,13,0.536,6.61,5.4,,9,8,,10,5,,5,6,,1950,1916,,66.2,105.2,0.343,0.337,0.538,48.3,48.6,10.3,11.6,0.503,14.1,26.8,0.244
176,New Mexico State,27,15,12,0.556,0.9,0.98,,8,6,,8,5,,7,5,,1885,1781,,67.6,102.8,0.328,0.382,0.512,52.4,48,9.5,7,0.48,14.4,32.7,0.223
177,North Florida,30,15,15,0.5,-7.09,-2.95,,8,9,,8,5,,7,10,,2501,2536,,73.5,112.1,0.248,0.54,0.557,47,55.6,8.7,7.3,0.538,12.9,28.9,0.169
178,Northeastern,29,15,14,0.517,-4.35,-4.46,,7,9,,7,5,,6,8,,2039,2036,,67.2,104.7,0.28,0.349,0.538,50.5,49.5,10.8,12.9,0.512,16.1,31.3,0.195
179,Northwestern,28,15,13,0.536,14.32,10.28,,6,11,,11,4,,2,8,,2057,1944,,66.3,108.9,0.303,0.337,0.535,50.4,54.3,10.9,10.4,0.501,12.5,32,0.222
180,Ohio,28,15,13,0.536,-1.31,-3.83,,9,6,,11,2,,3,9,,2233,2114,,71.8,110.6,0.329,0.413,0.577,48.5,51.5,10.3,7.9,0.542,13.7,24.3,0.25
181,Ohio State,28,15,13,0.536,19.02,12.77,,7,10,,10,6,,3,6,,2189,2014,,68.8,111.7,0.345,0.369,0.569,50,47.2,9.2,10.3,0.534,13.8,28.8,0.258
182,Penn State,28,15,13,0.536,13.2,6.77,,5,12,,11,5,,2,7,,2224,2044,,71,111.9,0.382,0.363,0.578,50.2,57.8,11.6,10.9,0.538,15.1,29.6,0.29
183,South Carolina State,27,15,12,0.556,-4.9,-8.19,,8,3,,7,2,,7,10,,2146,1900,,71.6,110,0.435,0.337,0.566,52.8,55,13.1,9,0.532,17,36.2,0.301
184,TCU,28,15,13,0.536,11.21,12.04,,8,9,,13,2,,2,8,,1892,1915,,67,100.5,0.332,0.35,0.503,50.5,50.3,10.9,9.9,0.474,14.8,32,0.217
185,Tennessee Tech,29,15,14,0.517,-10.01,-7.04,,10,8,,9,3,,5,10,,2098,2143,,69,104,0.294,0.463,0.542,47.1,60.2,8.9,6.3,0.516,14.8,24.2,0.205
186,Texas State,30,15,15,0.5,-3.2,-3.16,,8,9,,9,4,,4,10,,2276,2189,,67.4,110.7,0.363,0.284,0.557,53.2,54.3,10.2,11,0.515,15.4,35.7,0.276
187,Tulane,27,15,12,0.556,1.25,-1.23,,9,5,,12,3,,3,6,,2007,1868,,68.1,108.6,0.366,0.405,0.554,49.6,57.2,10.4,14,0.512,14,27.9,0.278
188,UC Davis,28,15,13,0.536,-4.98,-1.55,,9,8,,8,4,,7,9,,1913,1929,,68.8,98.9,0.381,0.35,0.519,47.9,47.8,11.6,10.5,0.472,17,29.5,0.281
189,Utah,27,15,12,0.556,11.98,7.61,,7,9,,14,3,,1,7,,2029,1911,,68.9,108.6,0.365,0.436,0.546,53.3,67.3,9.3,10.9,0.526,15.4,34,0.23
190,Western Kentucky,27,15,12,0.556,1.4,1.84,,6,8,,12,4,,3,8,,2070,2033,,73.6,103.6,0.302,0.398,0.532,48,45.4,11.3,8.2,0.497,13.6,23.9,0.222
191,Wofford,29,15,14,0.517,-1.15,-2.22,,9,7,,7,5,,7,8,,2147,2019,,65.5,112.1,0.285,0.475,0.548,55.3,57.1,9.2,8.7,0.529,14.4,36.8,0.185
192,Abilene Christian,27,14,13,0.519,-5.2,-1.95,,6,6,,9,4,,4,9,,1933,1901,,70.9,100.5,0.378,0.265,0.533,50.2,49.8,15.2,8.2,0.494,17.7,31.3,0.268
193,Albany (NY),28,14,14,0.5,-9.62,-7.7,,6,7,,6,7,,6,6,,2081,2068,,68.9,106.4,0.296,0.35,0.528,50.2,44.8,12.1,5.2,0.495,13.4,32.3,0.215
194,Ball State,28,14,14,0.5,-7.08,-6.4,,7,8,,8,6,,4,7,,2151,2091,,69.1,110.2,0.487,0.374,0.568,51.1,52.7,7.4,5.3,0.529,14.8,28.1,0.342
195,Boston University,29,14,15,0.483,-10.86,-7.79,,8,8,,11,3,,2,12,,1925,1973,,63.9,102.1,0.302,0.433,0.529,54.1,51.2,9.2,8.5,0.508,17.6,32.7,0.195
196,Cornell,24,14,10,0.583,-1.55,-3.23,,6,5,,6,5,,8,5,,2004,1874,,72.2,115.7,0.285,0.48,0.602,50.7,62.4,8.8,8.4,0.577,15.4,29.3,0.214
197,Delaware State,26,14,12,0.538,-10.98,-7.07,,6,5,,9,2,,3,10,,2044,1916,,72,108.2,0.326,0.223,0.535,52.3,49.3,11.5,7.3,0.499,14.5,35.6,0.236
198,Eastern Michigan,28,14,14,0.5,-10.15,-5.63,,7,8,,8,5,,5,9,,2043,2140,,68.3,105.9,0.343,0.379,0.556,49.2,49.6,10.1,9.7,0.523,16.6,29.9,0.248
199,Georgia Tech,28,14,14,0.5,6.55,5.87,,8,9,,12,5,,2,8,,2066,2047,,69.3,104.6,0.326,0.366,0.532,50.7,55.5,8.5,10.1,0.504,15,29.6,0.221
200,Hawaii,27,14,13,0.519,-2.51,-0.31,,6,10,,12,6,,2,7,,1882,1898,,66.4,104,0.402,0.378,0.551,54.5,48.4,5.6,6.5,0.51,17.7,32,0.293
201,Lindenwood,30,14,16,0.467,-13.09,-6.68,,9,10,,11,3,,2,12,,2144,2146,,70.6,99.6,0.359,0.349,0.51,49.4,44.6,11.6,10.5,0.477,15.5,30.4,0.24
202,Long Island University,29,14,15,0.483,-11.21,-8.58,,10,4,,8,4,,6,9,,1965,1926,,65.7,100.9,0.268,0.341,0.517,51.8,48.2,12.3,11,0.488,16.7,32.8,0.19
203,Louisiana State,28,14,14,0.5,12.22,8.87,,3,12,,11,6,,2,6,,2116,2022,,69.5,107.4,0.327,0.428,0.553,49.1,49.7,10.1,12,0.52,16.1,30.6,0.237
204,Mercyhurst,30,14,16,0.467,-15.56,-8.56,,8,7,,10,2,,4,14,,2015,2099,,65.4,101.4,0.31,0.355,0.532,44.4,56.8,11.3,6.9,0.486,14.6,23.7,0.248
205,Minnesota,28,14,14,0.5,8.58,9.73,,6,11,,10,8,,4,4,,1913,1945,,63.7,105.4,0.32,0.362,0.528,49.4,62.3,9.5,13.3,0.501,14.2,30,0.214
206,Morehead State,29,14,15,0.483,-13.53,-6.87,,9,9,,9,5,,5,9,,1937,2015,,66,100.7,0.371,0.342,0.509,53.9,50.2,8.4,7.1,0.474,15.4,32.5,0.249
207,Northern Kentucky,29,14,15,0.483,-5.8,-2.68,,9,9,,10,6,,4,9,,2042,2081,,67,103.3,0.317,0.401,0.524,48.7,55.4,11.7,9.7,0.499,15.2,31.3,0.207
208,Oklahoma State,28,14,14,0.5,6.91,10.27,,6,11,,11,3,,2,8,,2046,2140,,71.4,102.3,0.427,0.361,0.531,51,52.3,12.4,8.5,0.484,16.3,31.7,0.309
209,Rutgers,28,14,14,0.5,11.02,10.52,,7,10,,10,5,,3,6,,2148,2134,,69.6,109.3,0.37,0.362,0.546,49.8,48.7,9.9,10.3,0.509,13.6,31.1,0.267
210,Southern California,27,14,13,0.519,12.71,10.3,,6,10,,11,6,,3,5,,2071,2006,,69.5,110.4,0.363,0.336,0.578,49,56,8.8,8.4,0.544,15,26.9,0.266
211,Stephen F. Austin,29,14,15,0.483,-6.83,-3.87,,7,11,,8,6,,6,9,,1931,1929,,67.9,96.8,0.332,0.357,0.504,52,50.8,12.4,11.6,0.479,19.3,36.8,0.209
212,Stonehill,29,14,15,0.483,-11.8,-8.65,,6,8,,10,3,,3,11,,1988,2010,,66.1,103.7,0.311,0.451,0.547,49.5,61.9,9.8,7.4,0.515,16,26.9,0.225
213,Temple,28,14,14,0.5,0.32,0.43,,6,9,,10,2,,2,9,,2229,2203,,70.1,110.6,0.434,0.317,0.553,50.1,40.7,9.4,9.7,0.507,13.5,31.7,0.322
214,Tennessee State,29,14,15,0.483,-8.22,-8.03,,10,8,,10,3,,4,10,,2301,2168,,72.5,106.7,0.399,0.345,0.549,54.6,48.8,9.7,9.9,0.518,17.9,37.3,0.271
215,Texas-Rio Grande Valley,29,14,15,0.483,-5.89,-2.57,,6,12,,10,4,,2,11,,2213,2140,,71.5,106.7,0.223,0.507,0.544,50.4,60.6,10.5,7,0.524,16.1,31.7,0.156
216,UCF,27,14,13,0.519,10.04,11.41,,5,11,,11,5,,2,6,,2130,2167,,72.6,107.2,0.358,0.404,0.537,48.4,53.1,10.5,10.6,0.49,14.2,31.9,0.278
217,Wagner,27,14,13,0.519,-15.22,-10.05,,6,8,,8,5,,6,8,,1724,1645,,62,101.6,0.299,0.375,0.511,53.9,57.2,11.3,5.8,0.478,15.9,32.8,0.213
218,Alabama State,28,13,15,0.464,-10.84,-8.02,,9,6,,7,3,,4,10,,2070,2095,,70,105.1,0.306,0.431,0.505,47.1,44.5,10.7,8.1,0.474,11,28.6,0.209
219,Arizona State,27,13,14,0.481,12.91,12.87,,4,12,,5,7,,3,6,,1989,1988,,69.9,103.9,0.353,0.443,0.553,48.4,53.2,8.2,12.9,0.519,16.6,25.9,0.253
220,Austin Peay,30,13,17,0.433,-8.74,-2.7,,8,9,,8,5,,4,11,,2138,2240,,67,105.1,0.293,0.419,0.522,46.5,49.6,10.5,7,0.49,12.7,27.1,0.209
221,Bethune-Cookman,28,13,15,0.464,-9.49,-5.45,,10,5,,5,2,,7,12,,1922,2035,,69.8,98.4,0.357,0.339,0.522,49.7,50.6,9.3,10.4,0.487,17.6,28.7,0.247
222,Brown,24,13,11,0.542,-4.2,-4.12,,5,6,,8,5,,5,6,,1772,1733,,67.5,107.8,0.282,0.416,0.548,50.1,56.4,8.6,14.1,0.53,14.7,30.4,0.181
223,Butler,27,13,14,0.481,11.28,9.13,,6,10,,9,6,,2,7,,2013,1955,,67.4,110.1,0.41,0.401,0.577,51.5,57.3,5.4,7,0.539,15.2,27,0.301
224,California Baptist,26,13,13,0.5,0.51,-1.11,,6,6,,9,5,,3,7,,1912,1870,,68.3,106.1,0.297,0.345,0.528,51.3,46.1,9.7,6.9,0.49,14.4,33.3,0.224
225,Central Michigan,28,13,15,0.464,-2.98,-1.52,,6,9,,8,5,,5,9,,2118,2003,,70,108.1,0.351,0.346,0.555,53,51.2,10.5,8.6,0.52,15.3,32.2,0.254
226,Dartmouth,24,13,11,0.542,-4.46,-5.69,,7,4,,8,3,,5,8,,1892,1730,,72,108.9,0.307,0.477,0.562,51.2,59.8,7.3,7.7,0.531,14.1,25,0.227
227,Georgia State,29,13,16,0.448,-7.06,-1.95,,8,8,,9,6,,3,9,,2174,2277,,70.1,106.4,0.321,0.343,0.534,51.5,45.2,7.7,7.5,0.506,14.8,33.2,0.22
228,Hofstra,29,13,16,0.448,-4.62,-2.06,,5,11,,5,7,,5,8,,1939,1913,,65.3,100.7,0.27,0.429,0.532,49.2,56.3,8.8,11.8,0.502,15.5,24.1,0.196
229,Holy Cross,29,13,16,0.448,-11.68,-6.76,,5,11,,7,5,,4,11,,2005,2063,,65.9,104.1,0.219,0.418,0.555,49.3,48.3,7.1,7.5,0.534,15.9,23.9,0.157
230,Idaho State,26,13,13,0.5,-3.21,-3.08,,8,7,,10,3,,3,10,,1944,1818,,66.9,111.2,0.343,0.384,0.538,56.7,53,9.1,13.7,0.499,13.7,39.8,0.253
231,Indiana State,30,13,17,0.433,-3.65,-0.36,,7,12,,7,6,,4,9,,2383,2382,,72.3,108.5,0.342,0.496,0.581,50.6,56.9,9.6,6.2,0.545,17.2,27.2,0.259
232,Kansas State,27,13,14,0.481,11.37,9.33,,7,9,,9,5,,2,8,,1958,1903,,68.1,106,0.275,0.41,0.541,48.7,59.7,11.2,9.6,0.519,15.4,29.9,0.186
233,Manhattan,25,13,12,0.52,-7.88,-7.55,,8,8,,7,5,,6,7,,1885,1876,,67.5,108.9,0.312,0.412,0.543,50.2,56.8,9.8,6.9,0.506,14.9,32.9,0.236
234,Maryland-Baltimore County,29,13,16,0.448,-10.65,-7.88,,5,9,,8,7,,5,9,,2342,2280,,72,110.3,0.317,0.388,0.585,46,50.9,10.4,6.8,0.563,14.6,22.4,0.22
235,Northwestern State,28,13,15,0.464,-5.46,-1.08,,10,8,,7,5,,6,10,,1882,1945,,65.3,102,0.329,0.354,0.525,50.7,54,10.1,12.8,0.49,17.1,33.4,0.233
236,Oakland,29,13,16,0.448,-3.11,-0.11,,10,8,,8,4,,4,10,,2005,2066,,64.3,105.8,0.304,0.43,0.521,51,47.7,10.2,8.9,0.49,15.1,35.3,0.213
237,Rice,28,13,15,0.464,-0.47,-2.25,,4,11,,7,7,,4,6,,2001,1954,,65.8,107.6,0.441,0.395,0.534,52.8,50.6,7.2,8.8,0.495,15.1,33.9,0.302
238,San Jose State,30,13,17,0.433,0.75,4.5,,6,12,,6,8,,3,8,,2189,2220,,66.9,107.7,0.308,0.405,0.55,48.8,50.6,8.5,8.1,0.518,14.2,28.4,0.226
239,Siena,28,13,15,0.464,-6.07,-6.79,,8,9,,8,5,,4,8,,2022,2002,,67.5,105.2,0.381,0.401,0.543,48.8,47.7,10.3,13.2,0.501,15.5,28.6,0.281
240,South Florida,28,13,15,0.464,-1.66,-0.48,,6,9,,9,5,,2,8,,2111,2086,,69.9,106.9,0.345,0.383,0.547,47.9,55.6,11.4,9.5,0.512,14.3,28.4,0.25
241,Southern Illinois,30,13,17,0.433,-1.16,1.27,,8,11,,7,8,,5,6,,2189,2208,,68.4,105.8,0.339,0.334,0.547,52,53.7,9.1,8.6,0.519,16,30.8,0.232
242,Texas Southern,28,13,15,0.464,-9.76,-7.08,,10,5,,9,4,,4,11,,2039,2029,,71.8,100.5,0.29,0.348,0.516,49,52.8,12.2,10.1,0.482,16.1,30.3,0.212
243,UT Arlington,27,13,14,0.481,-4.08,-2.92,,6,7,,9,3,,3,9,,2029,1997,,69,107.3,0.38,0.418,0.554,51.1,54.8,8.8,8,0.525,16.5,32.6,0.258
244,Valparaiso,29,13,16,0.448,-3.8,-0.58,,6,12,,10,6,,3,9,,2205,2177,,68.8,109,0.357,0.384,0.543,49.5,45.8,8.3,9.6,0.494,12.5,28.2,0.283
245,Virginia,27,13,14,0.481,6.46,8.02,,6,10,,9,6,,3,6,,1742,1784,,61.2,105.4,0.266,0.435,0.557,48,66.1,8.7,11.3,0.527,14.8,23,0.201
246,VMI,29,13,16,0.448,-10.9,-4.66,,7,9,,7,5,,5,10,,2137,2097,,69.1,106.1,0.34,0.478,0.541,48.9,52.8,11.7,7.4,0.5,14.7,28.4,0.257
247,Washington,28,13,15,0.464,7.51,10.51,,4,13,,9,7,,2,8,,2023,2089,,68.8,104.5,0.355,0.355,0.541,49.4,49.4,9.6,10.9,0.512,15.3,28.3,0.24
248,Wright State,29,13,16,0.448,-4.33,-3.4,,7,11,,9,4,,3,10,,2225,2185,,68.4,110.7,0.281,0.365,0.577,51.9,51,8.3,8.1,0.555,15.4,28.9,0.197
249,Boston College,27,12,15,0.444,0.89,4.71,,4,12,,9,7,,0,7,,1915,2018,,66.6,103.1,0.314,0.33,0.528,49.9,45.9,7.5,10.6,0.494,15.2,29.1,0.226
250,Bowling Green State,28,12,16,0.429,-9.26,-5.61,,6,9,,7,7,,4,8,,2090,2096,,70.5,105.9,0.339,0.409,0.548,48.8,44.1,10.8,9.4,0.509,15,26.9,0.254
251,Cal State Bakersfield,29,12,17,0.414,-4.79,-1.24,,6,11,,8,6,,3,10,,2132,2110,,67.5,108.5,0.354,0.296,0.542,53.4,39.5,10.1,8.8,0.496,15.8,36.7,0.274
252,California,27,12,15,0.444,5.58,6.77,,5,11,,10,5,,2,9,,2002,2034,,67.8,108.4,0.381,0.382,0.529,51.8,41.9,8.7,9.3,0.482,14.1,35,0.286
253,Colgate,29,12,17,0.414,-7.76,-5.58,,9,7,,8,3,,4,12,,2093,2121,,66.8,107.1,0.232,0.429,0.565,48.8,51.9,9,6.8,0.543,15,24.3,0.169
254,Columbia,24,12,12,0.5,-8.18,-5.54,,1,10,,9,4,,3,8,,1881,1844,,70.7,110.9,0.289,0.4,0.566,50.2,59.8,11.7,5.8,0.537,13.7,28.3,0.213
255,Delaware,29,12,17,0.414,-6.8,-3.98,,5,11,,8,7,,3,9,,2225,2257,,70.7,108.6,0.301,0.409,0.58,46.5,51.2,9.2,7.2,0.545,15.5,23.1,0.235
256,Florida A&M,26,12,14,0.462,-13.19,-4.53,,9,6,,8,2,,4,12,,1866,1960,,69.7,102.9,0.339,0.467,0.55,49.2,51.1,7.8,8.5,0.518,18.1,30,0.242
257,Houston Christian,29,12,17,0.414,-7.31,-2.38,,9,9,,8,7,,4,10,,1948,2034,,65.6,102.4,0.317,0.44,0.531,47.6,46.6,11.9,9.3,0.5,15.7,27.5,0.221
258,Howard,28,12,16,0.429,-11,-6.13,,7,4,,8,5,,3,9,,2184,2215,,71.1,108.7,0.375,0.394,0.586,49.8,61.1,7.9,7.5,0.552,18.2,28.7,0.275
259,Idaho,28,12,16,0.429,-6.84,-2.61,,7,8,,7,5,,5,10,,2089,2122,,67.3,110.8,0.347,0.465,0.568,49.3,49.6,9.1,7.9,0.532,15.5,30.4,0.259
260,Iona,28,12,16,0.429,-9.27,-6.88,,9,8,,6,7,,5,7,,1925,1992,,69,98.8,0.281,0.352,0.494,52.7,56.5,14.4,9.4,0.463,17.5,38.9,0.194
261,La Salle,27,12,15,0.444,-4.09,1.1,,4,10,,9,4,,2,8,,1963,2038,,70.2,103.1,0.295,0.335,0.503,50.1,45.8,10.2,9.8,0.469,12.8,31.5,0.211
262,Lafayette,30,12,18,0.4,-9.6,-7.67,,7,10,,9,6,,3,12,,2059,2069,,65.9,102.8,0.307,0.407,0.531,48.5,59.1,8.8,9.7,0.503,14.5,25.6,0.21
263,Mercer,29,12,17,0.414,-8.27,-4.57,,5,11,,6,6,,5,10,,2244,2215,,72.8,104.9,0.291,0.403,0.526,50.4,47,11.7,7.9,0.505,14.2,30.5,0.187
264,Montana State,28,12,16,0.429,-2.39,-1.65,,7,8,,10,3,,2,13,,2015,1977,,67.2,106.5,0.323,0.433,0.556,47.5,50.7,9.5,8.7,0.523,13.4,22.5,0.236
265,Notre Dame,27,12,15,0.444,7.82,6.41,,6,10,,9,5,,3,7,,1979,1941,,65.5,110.4,0.303,0.382,0.558,52.1,45.5,8.6,4.9,0.526,14.3,30.7,0.225
266,Presbyterian,29,12,17,0.414,-6.83,-4.02,,5,9,,7,5,,3,12,,2178,2073,,66.8,111.5,0.326,0.345,0.56,50.7,49.2,10.2,9,0.533,13.9,31,0.228
267,Providence,28,12,16,0.429,8.22,8.5,,6,11,,10,4,,2,8,,2006,2014,,66.8,106.7,0.304,0.462,0.549,52.8,50.3,7.1,9.8,0.523,16.4,32.8,0.21
268,Sacred Heart,27,12,15,0.444,-9.32,-7.63,,8,8,,6,5,,5,9,,2057,2061,,70.3,108.4,0.275,0.437,0.55,50.9,60,10.1,8.9,0.521,14.8,31.1,0.201
269,Saint Francis (PA),29,12,17,0.414,-13,-6,,7,8,,8,4,,4,13,,2092,2126,,67.5,105.1,0.226,0.421,0.561,50.1,54.4,8.8,7.2,0.539,16.9,26.9,0.165
270,Tennessee-Martin,29,12,17,0.414,-11.02,-7.48,,8,10,,7,4,,5,12,,2182,2102,,68.9,106.4,0.353,0.481,0.531,52.8,52.3,11.7,9.4,0.495,15.9,35,0.248
271,Virginia Tech,28,12,16,0.429,3.94,6.62,,7,10,,7,8,,5,4,,1933,2008,,66.1,104.5,0.305,0.405,0.543,51.8,53,7.9,5.6,0.512,17.1,32,0.219
272,Wyoming,29,12,17,0.414,-0.09,4.88,,5,13,,8,6,,3,9,,1961,2077,,66,102,0.308,0.39,0.534,51.4,48.5,6.3,8.1,0.512,16.9,29.8,0.201
273,Cal Poly,28,11,17,0.393,-3.63,1.03,,5,11,,7,5,,4,12,,2255,2348,,75,105.5,0.278,0.505,0.572,47.9,52.6,9.6,5.5,0.543,18.8,28.1,0.211
274,Colorado,28,11,17,0.393,9.47,11.18,,2,15,,10,7,,0,8,,1966,2014,,68.3,101.9,0.362,0.378,0.55,51.6,59,10.3,11.1,0.509,18.8,29.2,0.273
275,DePaul,28,11,17,0.393,5.05,6.69,,2,15,,10,8,,1,9,,2022,2068,,67.9,104.5,0.279,0.474,0.544,50.5,60.9,8.6,8.8,0.517,16,28.5,0.197
276,Duquesne,27,11,16,0.407,1.08,0.96,,6,8,,8,6,,1,7,,1851,1800,,65.3,104.4,0.292,0.423,0.519,50.6,55.8,10.6,12.8,0.497,15,33.8,0.188
277,Evansville,29,11,18,0.379,-5.51,0.31,,8,10,,7,8,,4,10,,1946,2062,,67.3,99.7,0.3,0.416,0.526,47.7,54,9.1,13.4,0.497,15.3,23.4,0.208
278,FDU,29,11,18,0.379,-11.87,-7.18,,7,7,,7,4,,4,14,,2151,2140,,69.3,105.7,0.334,0.424,0.541,47.7,53.7,9.6,7.1,0.509,14.5,27.7,0.236
279,Fordham,27,11,16,0.407,-3.51,0.53,,3,11,,8,6,,2,8,,2018,2083,,70.7,104.2,0.33,0.416,0.533,50.4,54,10.8,8.3,0.497,16.1,31.4,0.237
280,Kansas City,29,11,18,0.379,-5.56,-2.12,,3,11,,8,5,,2,11,,2129,1971,,66.6,110.2,0.322,0.457,0.552,53.4,50.1,11.4,9.9,0.513,15.2,35.5,0.247
281,Louisiana,29,11,18,0.379,-9.35,-1.78,,8,8,,5,11,,6,4,,1931,2126,,67.3,98.6,0.312,0.376,0.503,45.1,44.8,10.9,8.4,0.463,14.1,26.4,0.23
282,Loyola (MD),27,11,16,0.407,-11.39,-8.12,,6,10,,6,6,,5,10,,1861,1905,,67.3,102.5,0.3,0.392,0.525,50.6,55.2,11,7.9,0.495,15.5,29.8,0.211
283,Massachusetts,28,11,17,0.393,-1.79,0.88,,6,9,,7,7,,4,6,,2048,2086,,71.2,101,0.349,0.311,0.49,51.3,48.6,10.7,13.9,0.456,13.8,35,0.23
284,Monmouth,29,11,18,0.379,-8.26,-2.64,,9,7,,7,2,,4,13,,2038,2201,,67.9,102.6,0.371,0.343,0.516,47.8,48,8.4,12.3,0.468,14.5,30.4,0.277
285,Morgan State,27,11,16,0.407,-14.79,-6.79,,5,6,,10,4,,1,12,,2176,2201,,73.2,109.1,0.348,0.22,0.551,50,44,9.5,10.8,0.517,15.4,34.8,0.252
286,Navy,29,11,18,0.379,-9.87,-8.08,,8,8,,8,5,,3,11,,2037,2036,,67,104.4,0.305,0.379,0.519,51.7,53.9,9,8.1,0.485,13.8,31.3,0.219
287,NC State,27,11,16,0.407,7.09,6.79,,4,12,,11,6,,0,8,,1895,1887,,65.5,106.6,0.322,0.347,0.524,47.2,50.1,10,10.7,0.488,12.3,29.3,0.231
288,North Carolina Central,27,11,16,0.407,-11.57,-7.01,,4,6,,8,4,,2,11,,2161,2026,,70.6,111.8,0.363,0.348,0.554,50.6,56.8,12.3,6.9,0.524,15.4,38.5,0.252
289,North Dakota,29,11,18,0.379,-7.2,-1.47,,5,9,,8,6,,2,10,,2246,2292,,70,110.6,0.333,0.399,0.533,52.3,43.7,8.4,6.5,0.499,13.4,35.2,0.236
290,Old Dominion,30,11,19,0.367,-10.51,-3.65,,7,10,,7,9,,4,7,,2064,2202,,66.7,102.3,0.322,0.355,0.491,51.4,43.9,8.3,7.9,0.452,14.2,36.3,0.228
291,Portland,29,11,18,0.379,-7.32,3.39,,6,10,,8,7,,3,8,,2094,2339,,69.4,102.2,0.329,0.427,0.547,47.6,62.3,6.8,8.5,0.506,16.4,23.6,0.254
292,Sam Houston,28,11,17,0.393,-1.75,1.93,,4,11,,7,3,,3,13,,2115,2108,,69.4,107.5,0.343,0.381,0.552,50.6,50.4,9.5,8.3,0.518,15.9,31.7,0.248
293,South Carolina,28,11,17,0.393,9.32,11.07,,1,14,,9,7,,1,9,,1964,2013,,66.9,103.9,0.442,0.383,0.536,52,54.1,8.5,8.2,0.492,16.4,31.1,0.312
294,Southern Utah,27,11,16,0.407,-8.51,-1.26,,3,10,,8,6,,2,10,,1918,1976,,70.6,100.6,0.351,0.328,0.526,51.3,48.6,7.4,9.5,0.485,17.7,32.6,0.258
295,Syracuse,27,11,16,0.407,4.44,8.36,,5,11,,9,6,,2,7,,2017,2123,,69.2,105.6,0.319,0.335,0.535,52.2,49.5,6.9,7,0.504,15.1,31.1,0.225
296,Tarleton State,28,11,17,0.393,-10.52,0.53,,6,7,,9,2,,1,13,,1793,1981,,68.9,92.9,0.43,0.257,0.528,48.6,48.8,14.5,11.8,0.476,22.8,30.9,0.32
297,Tulsa,28,11,17,0.393,-6.64,-2.22,,5,10,,8,7,,2,8,,1991,2059,,67.8,103,0.331,0.433,0.525,49.6,54.6,9,6.9,0.498,14.7,28.2,0.217
298,Western Illinois,30,11,19,0.367,-15.65,-8.21,,5,14,,8,7,,3,11,,2048,2142,,65.3,103.6,0.278,0.376,0.532,50.1,41.1,8.4,9.6,0.507,15.7,30.2,0.192
299,Alabama A&M,28,10,18,0.357,-18.52,-9.8,,6,9,,8,9,,2,9,,2121,2216,,74.2,100.3,0.381,0.411,0.51,49.9,54.4,11.5,11.6,0.475,18,36.2,0.255
300,Charleston Southern,30,10,20,0.333,-9.83,-1.83,,6,9,,7,5,,3,13,,2187,2347,,70,102.8,0.463,0.424,0.529,52.1,48.6,6.6,6.6,0.492,16.4,31.8,0.306
301,Charlotte,27,10,17,0.37,-5.04,-0.35,,3,11,,8,7,,1,9,,1921,2021,,65.6,106,0.425,0.404,0.537,47.1,53.4,7.7,5.7,0.486,12.6,24.8,0.319
302,Denver,29,10,19,0.345,-10.92,-3.07,,4,10,,7,6,,3,11,,2120,2277,,68.9,104.3,0.329,0.368,0.55,47.6,45.6,9.5,7,0.515,15.9,26.5,0.242
303,Eastern Illinois,29,10,19,0.345,-13.93,-5.7,,6,12,,5,7,,4,12,,1918,2022,,67.9,96.6,0.329,0.291,0.49,49,47.6,12.7,8.7,0.457,15.5,30.4,0.219
304,Eastern Washington,28,10,18,0.357,-6.87,-1.02,,6,9,,8,4,,2,13,,2040,2122,,69,105.6,0.31,0.373,0.557,47.7,52.6,11.4,9,0.52,15.9,27.5,0.239
305,Fairfield,27,10,17,0.37,-14.45,-7.14,,6,10,,6,6,,3,10,,1825,1966,,66,102,0.27,0.383,0.499,48.3,52.7,9.6,7.7,0.465,13.2,30.9,0.196
306,Gardner-Webb,27,10,17,0.37,-7.35,-3.05,,5,9,,5,5,,3,12,,2027,2143,,70.6,106.4,0.37,0.343,0.558,52,41.1,7.2,9,0.528,17.9,33.2,0.257
307,Harvard,24,10,14,0.417,-8.71,-3.97,,5,6,,5,4,,5,10,,1656,1759,,66.7,102.9,0.261,0.405,0.542,47.5,54.9,10.7,7.5,0.51,15.8,25.6,0.199
308,Jackson State,27,10,17,0.37,-9.45,-2.82,,10,4,,6,1,,4,15,,1913,2092,,70.6,98.5,0.375,0.349,0.512,48.6,49.1,10.4,9.7,0.467,17,29.4,0.272
309,Lehigh,27,10,17,0.37,-9.95,-5.67,,5,11,,8,4,,2,13,,1880,1920,,67.1,102.8,0.295,0.38,0.539,46.9,51.8,8.7,5.7,0.515,13.8,21.8,0.199
310,Niagara,27,10,17,0.37,-12.33,-7.75,,5,11,,6,5,,2,12,,1835,1919,,65.2,103.2,0.301,0.431,0.555,48.3,51.5,9.7,6.8,0.523,16.6,23.8,0.222
311,Pepperdine,29,10,19,0.345,-3.2,2.51,,4,12,,7,8,,2,10,,2110,2208,,69.8,104.2,0.319,0.34,0.532,50,60.5,8.8,7.7,0.499,14.4,28.3,0.227
312,Richmond,29,10,19,0.345,-5.03,2,,5,11,,6,8,,2,10,,1948,2095,,65.1,101.5,0.319,0.453,0.536,46.6,50.7,9.2,7.2,0.492,13.9,20,0.252
313,Rider,28,10,18,0.357,-12.83,-6.36,,6,11,,3,7,,7,11,,1831,2012,,65.5,99.9,0.309,0.304,0.502,49.7,51.7,8.4,9.5,0.465,15.2,31.5,0.221
314,Saint Peter's,24,10,14,0.417,-10.18,-7.7,,5,11,,5,5,,5,9,,1589,1581,,64.7,101.8,0.338,0.391,0.507,54,46.8,10.7,10.5,0.466,17.6,39.5,0.246
315,Seattle,26,10,16,0.385,-0.56,-0.23,,5,7,,8,4,,2,11,,1866,1779,,68,105.5,0.413,0.385,0.532,51.4,51.9,11.5,9.4,0.487,14.6,30.5,0.299
316,Southern Indiana,28,10,18,0.357,-13.14,-8.07,,5,13,,8,7,,2,11,,2012,2051,,68.6,103.4,0.31,0.34,0.525,49.6,44.1,9.9,7.6,0.49,14.7,29.3,0.226
317,Southern Mississippi,29,10,19,0.345,-9.45,-2.96,,5,11,,9,4,,1,13,,2082,2208,,71.9,99.1,0.341,0.356,0.522,50.3,56.2,9.6,11.3,0.489,17.1,28.4,0.235
318,UTSA,27,10,17,0.37,-3.41,0.99,,4,11,,6,6,,3,11,,2076,2101,,70.6,107.9,0.285,0.445,0.542,46.2,48,13.6,9.7,0.5,13.7,29.1,0.232
319,Weber State,29,10,19,0.345,-9.33,-2.22,,4,11,,5,9,,3,10,,2100,2084,,67.2,107.2,0.343,0.384,0.555,49.7,45.1,9.2,7.3,0.527,14.7,26.4,0.236
320,Western Michigan,28,10,18,0.357,-9.64,-3.57,,7,8,,6,8,,4,10,,2026,2150,,69.8,103.7,0.313,0.321,0.503,52.7,46.7,9.9,7,0.472,13.6,35.1,0.211
321,Coastal Carolina,29,9,20,0.31,-11.9,-4.98,,2,14,,5,7,,3,13,,1934,2074,,64.6,102.8,0.343,0.396,0.533,51.7,49.5,5.3,4.3,0.501,16.2,29,0.239
322,Grambling,27,9,18,0.333,-12.4,-5.7,,6,8,,5,6,,4,10,,1818,1858,,67.7,99,0.33,0.353,0.529,49.8,48.1,9.6,9.1,0.493,17.1,26.9,0.238
323,IU Indy,29,9,20,0.31,-11.65,-4.3,,5,13,,5,7,,4,11,,2158,2194,,67,110.5,0.349,0.478,0.549,50,55.3,9.2,6.1,0.511,13.7,32,0.257
324,Le Moyne,29,9,20,0.31,-17.35,-8.09,,4,10,,6,7,,2,13,,2150,2311,,69.1,104.1,0.375,0.421,0.56,47.9,56.2,9.7,6.2,0.526,17.5,26.7,0.265
325,Missouri State,29,9,20,0.31,-3.2,0.54,,2,16,,7,7,,1,11,,1996,2056,,65.1,103.1,0.353,0.367,0.542,51.6,49.9,11.1,7.7,0.517,17.7,32.2,0.23
326,Pacific,31,9,22,0.29,-6.13,2.49,,4,13,,5,9,,2,13,,2152,2322,,67.7,101.8,0.316,0.38,0.527,50.8,51.5,8.2,8.2,0.493,16.3,29.7,0.227
327,Alcorn State,27,8,19,0.296,-12.57,-4.07,,8,6,,5,2,,3,17,,1754,1981,,66.7,96.9,0.308,0.303,0.493,49.5,43.6,9.9,8.9,0.454,17,33.6,0.222
328,Buffalo,28,8,20,0.286,-15.57,-3.8,,3,12,,5,8,,3,12,,2000,2262,,73.8,96.8,0.35,0.441,0.521,46.8,54.5,9.2,8.8,0.486,17.6,24.6,0.243
329,Central Arkansas,30,8,22,0.267,-14.75,-3.82,,4,13,,7,7,,1,15,,2115,2344,,68,101.2,0.281,0.482,0.511,49.5,56.6,10.7,8.1,0.48,15.5,30.5,0.198
330,Detroit Mercy,29,8,21,0.276,-12.35,-2.7,,4,14,,6,7,,2,12,,1933,2164,,67.3,97.4,0.288,0.283,0.493,51.2,44.7,8.5,7.9,0.454,15.8,32.5,0.215
331,Florida International,27,8,19,0.296,-6.72,-1.52,,2,12,,6,7,,1,11,,1887,1955,,70,98.9,0.328,0.292,0.512,50.9,49.6,13,13.9,0.477,17.1,32.6,0.23
332,New Hampshire,29,8,21,0.276,-19.05,-7.12,,6,8,,6,6,,2,13,,1945,2223,,69,97.2,0.274,0.412,0.51,48.4,47,7.9,6.8,0.486,16.9,28.1,0.181
333,Stetson,30,8,22,0.267,-16.19,-3.77,,6,11,,5,9,,3,10,,2149,2452,,69.4,102.4,0.345,0.378,0.545,46.6,46.3,7.4,8.2,0.507,16.5,25.4,0.254
334,Western Carolina,27,8,19,0.296,-15.09,-1.42,,4,12,,7,6,,1,13,,1888,2133,,71.9,96,0.277,0.488,0.506,50.1,49.7,7.5,8.5,0.468,17.4,27.9,0.208
335,Long Beach State,28,7,21,0.25,-10.23,-0.2,,3,13,,3,9,,4,9,,1873,2063,,66,100.4,0.358,0.354,0.54,47.6,49,8.7,8.4,0.498,18.7,29,0.268
336,Louisiana-Monroe,30,7,23,0.233,-14.36,-3.89,,3,14,,5,10,,2,12,,2069,2250,,69.1,99.4,0.312,0.344,0.499,49.5,52.4,10.7,7,0.462,14.6,30.7,0.222
337,North Carolina A&T,29,7,22,0.241,-11.43,-3.53,,3,13,,5,9,,2,13,,2054,2223,,70.3,100.8,0.315,0.363,0.502,47.4,44.8,9.1,7.9,0.47,12.8,27.1,0.215
338,Oral Roberts,27,7,20,0.259,-10.72,-0.46,,3,11,,7,6,,0,14,,2018,2126,,68.7,108.3,0.356,0.452,0.563,47.1,41.7,7.4,6.3,0.525,15.1,25.5,0.267
339,Pennsylvania,24,7,17,0.292,-9.02,-2.19,,3,8,,5,8,,2,8,,1653,1817,,66.9,102.4,0.288,0.449,0.518,47.9,56.3,7.1,4.6,0.491,14.1,27.3,0.196
340,Sacramento State,28,7,21,0.25,-13.16,-3.48,,3,12,,5,9,,2,12,,1879,1968,,66.4,101,0.32,0.466,0.537,50.6,56.2,9,11.1,0.511,17.7,28,0.215
341,Seton Hall,27,7,20,0.259,0.03,7.44,,2,14,,5,9,,0,9,,1689,1889,,64.8,95.2,0.34,0.305,0.486,48.8,49.7,12.3,11.9,0.448,16.5,32.3,0.233
342,Cal State Fullerton,28,6,22,0.214,-14.1,0.37,,1,15,,4,9,,2,13,,1798,2135,,68.4,93.9,0.422,0.333,0.508,48.1,41.9,8.3,5.9,0.453,18.8,28.1,0.314
343,Miami (FL),28,6,22,0.214,1.09,7.3,,2,15,,6,10,,0,8,,2075,2249,,67.4,109,0.276,0.389,0.556,48.8,47.7,9.1,9,0.522,14.2,28.1,0.213
344,South Carolina Upstate,29,6,23,0.207,-14.53,-2.34,,2,12,,4,9,,2,13,,2198,2419,,74,102.4,0.31,0.365,0.544,47.9,48.3,9.8,6.1,0.518,16.6,25.8,0.211
345,Stony Brook,29,6,23,0.207,-14.18,-3.6,,2,14,,3,9,,3,13,,1922,2170,,65.2,101.7,0.313,0.394,0.518,48.8,49.4,8.1,6.3,0.476,15.8,29.8,0.238
346,Utah Tech,27,6,21,0.222,-9.73,-0.93,,2,10,,5,5,,0,15,,1911,2066,,69.2,101.8,0.33,0.386,0.525,48,51.2,9.3,8,0.495,15.7,29.1,0.224
347,Arkansas-Pine Bluff,28,5,23,0.179,-25.03,-6.68,,2,13,,4,6,,1,17,,2027,2403,,74,97.8,0.315,0.382,0.525,46.5,53.8,9.7,6.3,0.509,17.7,26.6,0.188
348,Bellarmine,30,5,25,0.167,-14.37,-4.3,,2,15,,5,10,,0,15,,2191,2404,,67.7,107,0.257,0.445,0.578,46.9,54.4,9.3,5.7,0.549,16,21.5,0.199
349,Coppin State,26,5,21,0.192,-21.34,-3.9,,3,8,,4,5,,1,16,,1584,1994,,69.3,87.9,0.375,0.323,0.474,45.5,51.5,11.8,5.1,0.431,18.9,26.6,0.255
350,Fresno State,28,5,23,0.179,-5.1,4.9,,1,16,,4,8,,1,13,,2000,2280,,71.5,96.8,0.357,0.355,0.503,45.8,45.5,10.4,8.7,0.464,15.7,26,0.248
351,NJIT,28,5,23,0.179,-16.91,-6.98,,2,11,,4,7,,0,16,,1828,2040,,67.1,96.8,0.266,0.376,0.494,49,44.3,6.9,9.9,0.458,15.6,29.2,0.197
352,Northern Illinois,28,5,23,0.179,-16.84,-3.92,,1,14,,5,8,,0,15,,1988,2157,,71.4,99.1,0.302,0.469,0.522,44.4,50.3,8.6,10.1,0.489,14.1,19.4,0.215
353,Prairie View,28,5,23,0.179,-18.35,-6.46,,4,11,,3,6,,2,17,,2023,2323,,72.4,99.9,0.344,0.334,0.527,41.6,47.5,11.5,7.7,0.492,15.1,24.1,0.243
354,The Citadel,27,5,22,0.185,-16.82,-4.12,,0,16,,5,11,,0,11,,1827,2012,,66.3,100.7,0.343,0.46,0.518,48.6,52.5,8.9,6.4,0.495,16,29,0.214
355,West Georgia,30,5,25,0.167,-15.28,-3.72,,3,14,,3,8,,2,15,,2067,2356,,69.4,99.3,0.283,0.303,0.511,47.3,51.9,10.1,9,0.482,14.6,26.1,0.196
356,Air Force,28,4,24,0.143,-7.34,2.73,,1,16,,3,12,,0,12,,1748,2030,,64.3,96.2,0.363,0.476,0.528,46.7,62,8.8,8.3,0.504,18.4,23.2,0.232
357,Chicago State,29,4,25,0.138,-20.09,-3.71,,4,10,,3,7,,1,16,,1805,2280,,69.6,89.1,0.276,0.417,0.473,43.5,48.7,10.6,10.3,0.44,16.7,23,0.192
358,East Texas A&M,29,4,25,0.138,-12.42,-1.28,,2,16,,3,9,,1,16,,1864,2187,,68.1,94,0.283,0.489,0.514,45.2,60.8,12.3,10,0.492,20.1,28,0.183
359,Maryland-Eastern Shore,26,4,22,0.154,-22.08,-1.99,,0,10,,4,6,,0,16,,1740,2065,,69.4,96.5,0.353,0.364,0.51,46.4,47.2,7.8,5.2,0.48,16.9,26.1,0.23
360,New Orleans,29,4,25,0.138,-14.28,-0.21,,2,16,,0,11,,3,13,,1965,2373,,69.5,96.7,0.344,0.309,0.495,47.4,50.6,10.4,7.2,0.461,16.2,31.2,0.229
361,San Diego,29,4,25,0.138,-7.73,2.74,,1,15,,4,13,,0,11,,1991,2279,,71.1,96.6,0.309,0.357,0.495,48.1,45.8,9.8,10.6,0.451,16.1,29.9,0.232
362,Canisius,27,3,24,0.111,-17.65,-4.39,,3,13,,1,10,,2,13,,1772,2130,,66.2,99.1,0.241,0.409,0.548,41.6,48.1,9.4,6.8,0.519,17.1,18.4,0.183
363,Green Bay,29,3,26,0.103,-13.01,-1.97,,1,17,,2,10,,1,16,,2005,2316,,69.2,99.9,0.361,0.462,0.558,44.5,59.7,7.3,5.4,0.512,17.4,17.9,0.283
364,Mississippi Valley State,28,3,25,0.107,-34.77,-2.93,,1,14,,2,6,,1,19,,1494,2285,,66.7,80,0.314,0.296,0.461,43.1,41.6,9.2,5.3,0.426,22.2,23.9,0.206